trial,direction,phase,elapsed_s,pulse_us,tick,signed_speed_mps,acceleration_mps2,distance_m,clearance_m
1,forward,kick,4.5397,1401.00,1130,-0.003426,0.000000,0.001202,1.672
1,forward,kick,4.5514,1401.00,1130,-0.000171,0.277370,0.002032,1.672
1,forward,kick,4.5726,1401.00,1130,-0.000171,0.000000,0.002032,1.672
1,forward,kick,4.5935,1401.00,1129,-0.000171,0.000000,0.002032,1.672
1,forward,kick,4.6145,1401.00,1130,-0.000171,0.000000,0.002032,1.672
1,forward,kick,4.6356,1401.00,1130,-0.000171,0.000000,0.002032,1.672
1,forward,kick,4.6400,1401.00,1130,-0.000171,0.000000,0.002032,1.673
1,forward,kick,4.6521,1401.00,1130,0.003390,0.294296,0.002411,1.673
1,forward,kick,4.6731,1401.00,1130,0.003390,0.000000,0.002411,1.673
1,forward,kick,4.6940,1401.00,1129,0.003390,0.000000,0.002411,1.673
1,forward,kick,4.7149,1401.00,1130,0.003390,0.000000,0.002411,1.673
1,forward,kick,4.7357,1401.00,1130,0.003390,0.000000,0.002411,1.673
1,forward,kick,4.7407,1401.00,1130,0.003390,0.000000,0.002411,1.684
1,forward,kick,4.7533,1401.00,1130,0.029743,2.082746,0.012876,1.684
1,forward,kick,4.7743,1401.00,1130,0.029743,0.000000,0.012876,1.684
1,forward,kick,4.7952,1401.00,1129,0.029743,0.000000,0.012876,1.684
1,forward,kick,4.8161,1401.00,1130,0.029743,0.000000,0.012876,1.684
1,forward,kick,4.8369,1401.00,1130,0.029743,0.000000,0.012876,1.684
1,forward,kick,4.8387,1401.00,1130,0.029743,0.000000,0.012876,1.704
1,forward,kick,4.8551,1401.00,1130,0.076280,2.849830,0.034525,1.704
1,forward,sustain,4.8760,1412.50,1139,0.076280,0.000000,0.034525,1.704
1,forward,sustain,4.8969,1412.50,1139,0.076280,0.000000,0.034525,1.704
1,forward,sustain,4.9178,1412.50,1139,0.076280,0.000000,0.034525,1.704
1,forward,sustain,4.9393,1412.50,1139,0.076280,0.000000,0.034525,1.730
1,forward,sustain,4.9558,1412.50,1140,0.125347,2.969216,0.061214,1.730
1,forward,sustain,4.9768,1412.50,1139,0.125347,0.000000,0.061214,1.730
1,forward,sustain,4.9977,1412.50,1139,0.125347,0.000000,0.061214,1.730
1,forward,sustain,5.0186,1412.50,1139,0.125347,0.000000,0.061214,1.730
1,forward,sustain,5.0397,1412.50,1139,0.125347,0.000000,0.061214,1.761
1,forward,sustain,5.0476,1412.50,1139,0.168041,5.407557,0.091036,1.761
1,forward,sustain,5.0687,1412.50,1139,0.168041,0.000000,0.091036,1.761
1,forward,sustain,5.0897,1412.50,1139,0.168041,0.000000,0.091036,1.761
1,forward,sustain,5.1106,1412.50,1139,0.168041,0.000000,0.091036,1.761
1,forward,sustain,5.1315,1412.50,1140,0.168041,0.000000,0.091036,1.761
1,forward,sustain,5.1376,1412.50,1139,0.168041,0.000000,0.091036,1.786
1,forward,sustain,5.1505,1412.50,1139,0.192225,1.870858,0.117638,1.786
1,forward,sustain,5.1715,1412.50,1139,0.192225,0.000000,0.117638,1.786
1,forward,sustain,5.1926,1412.50,1139,0.192225,0.000000,0.117638,1.786
1,forward,sustain,5.2136,1412.50,1139,0.192225,0.000000,0.117638,1.786
1,forward,sustain,5.2345,1412.50,1139,0.192225,0.000000,0.117638,1.786
1,forward,sustain,5.2381,1412.50,1139,0.192225,0.000000,0.117638,1.804
1,forward,sustain,5.2538,1412.50,1139,0.199050,0.435215,0.139120,1.804
1,forward,sustain,5.2748,1412.50,1140,0.199050,0.000000,0.139120,1.804
1,forward,sustain,5.2957,1412.50,1139,0.199050,0.000000,0.139120,1.804
1,forward,sustain,5.3165,1412.50,1139,0.199050,0.000000,0.139120,1.804
1,forward,sustain,5.3374,1412.50,1139,0.199050,0.000000,0.139120,1.804
1,forward,sustain,5.3392,1412.50,1139,0.199050,0.000000,0.139120,1.827
1,forward,sustain,5.3505,1412.50,1139,0.203832,0.425080,0.161047,1.827
1,forward,sustain,5.3715,1412.50,1139,0.203832,0.000000,0.161047,1.827
1,forward,sustain,5.3925,1412.50,1139,0.203832,0.000000,0.161047,1.827
1,forward,sustain,5.4133,1412.50,1139,0.203832,0.000000,0.161047,1.827
1,forward,sustain,5.4342,1412.50,1140,0.203832,0.000000,0.161047,1.827
1,forward,sustain,5.4391,1412.50,1139,0.203832,0.000000,0.161047,1.847
1,forward,sustain,5.4525,1412.50,1139,0.202748,-0.080639,0.181107,1.847
1,forward,sustain,5.4736,1412.50,1139,0.202748,0.000000,0.181107,1.847
1,forward,sustain,5.4945,1412.50,1139,0.202748,0.000000,0.181107,1.847
1,forward,sustain,5.5154,1412.50,1139,0.202748,0.000000,0.181107,1.847
1,forward,sustain,5.5363,1412.50,1139,0.202748,0.000000,0.181107,1.847
1,forward,sustain,5.5397,1412.50,1139,0.202748,0.000000,0.181107,1.865
1,forward,sustain,5.5531,1412.50,1140,0.198972,-0.283287,0.199963,1.865
1,forward,sustain,5.5741,1412.50,1139,0.198972,0.000000,0.199963,1.865
1,forward,sustain,5.5950,1412.50,1139,0.198972,0.000000,0.199963,1.865
1,forward,sustain,5.6159,1412.50,1139,0.198972,0.000000,0.199963,1.865
1,forward,sustain,5.6369,1412.50,1139,0.198972,0.000000,0.199963,1.865
1,forward,sustain,5.6388,1412.50,1139,0.198972,0.000000,0.199963,1.885
1,forward,sustain,5.6455,1412.50,1139,0.194526,-0.670114,0.218199,1.885
1,forward,sustain,5.6665,1412.50,1139,0.194526,0.000000,0.218199,1.885
1,forward,sustain,5.6874,1412.50,1139,0.194526,0.000000,0.218199,1.885
1,forward,sustain,5.7083,1412.50,1140,0.194526,0.000000,0.218199,1.885
1,forward,sustain,5.7293,1412.50,1139,0.194526,0.000000,0.218199,1.885
1,forward,sustain,5.7388,1412.50,1139,0.194526,0.000000,0.218199,1.905
1,forward,sustain,5.7516,1412.50,1139,0.198110,0.281278,0.238750,1.905
1,forward,sustain,5.7727,1412.50,1139,0.198110,0.000000,0.238750,1.905
1,forward,sustain,5.7938,1412.50,1139,0.198110,0.000000,0.238750,1.905
1,forward,sustain,5.8148,1412.50,1139,0.198110,0.000000,0.238750,1.905
1,forward,sustain,5.8357,1412.50,1139,0.198110,0.000000,0.238750,1.905
1,forward,sustain,5.8392,1412.50,1139,0.198110,0.000000,0.238750,1.926
1,forward,sustain,5.8551,1412.50,1140,0.201085,0.187095,0.259844,1.926
1,forward,sustain,5.8761,1412.50,1139,0.201085,0.000000,0.259844,1.926
1,forward,sustain,5.8971,1412.50,1139,0.201085,0.000000,0.259844,1.926
1,forward,sustain,5.9180,1412.50,1139,0.201085,0.000000,0.259844,1.926
1,forward,sustain,5.9397,1412.50,1139,0.201085,0.000000,0.259844,1.946
1,forward,sustain,5.9516,1412.50,1139,0.207932,0.574403,0.282824,1.946
1,forward,sustain,5.9726,1412.50,1139,0.207932,0.000000,0.282824,1.946
1,forward,sustain,5.9936,1412.50,1139,0.207932,0.000000,0.282824,1.946
1,forward,sustain,6.0144,1412.50,1139,0.207932,0.000000,0.282824,1.946
1,forward,sustain,6.0353,1412.50,1140,0.207932,0.000000,0.282824,1.946
1,forward,sustain,6.0399,1412.50,1139,0.207932,0.000000,0.282824,1.967
1,forward,sustain,6.0561,1412.50,1139,0.218002,0.623804,0.307758,1.967
1,forward,sustain,6.0771,1412.50,1139,0.218002,0.000000,0.307758,1.967
1,forward,sustain,6.0980,1412.50,1139,0.218002,0.000000,0.307758,1.967
1,forward,sustain,6.1190,1412.50,1139,0.218002,0.000000,0.307758,1.967
1,forward,sustain,6.1407,1412.50,1139,0.218002,0.000000,0.307758,1.989
1,forward,sustain,6.1558,1412.50,1139,0.212901,-0.337707,0.327563,1.989
1,forward,sustain,6.1768,1412.50,1139,0.212901,0.000000,0.327563,1.989
1,forward,sustain,6.1977,1412.50,1140,0.212901,0.000000,0.327563,1.989
1,forward,sustain,6.2186,1412.50,1139,0.212901,0.000000,0.327563,1.989
1,forward,sustain,6.2395,1412.50,1139,0.212901,0.000000,0.327563,1.989
1,forward,sustain,6.2413,1412.50,1139,0.212901,0.000000,0.327563,2.010
1,forward,sustain,6.2626,1412.50,1139,0.207859,-0.236991,0.346971,2.010
1,forward,sustain,6.2633,1412.50,1139,0.207859,0.000000,0.346971,2.010
1,forward,sustain,6.2841,1412.50,1139,0.207859,0.000000,0.346971,2.010
1,forward,sustain,6.3051,1412.50,1139,0.207859,0.000000,0.346971,2.010
1,forward,sustain,6.3259,1412.50,1139,0.207859,0.000000,0.346971,2.010
1,forward,sustain,6.3391,1412.50,1140,0.207859,0.000000,0.346971,2.029
1,forward,sustain,6.3564,1412.50,1139,0.211003,0.181883,0.369117,2.029
1,forward,coast,6.3774,1500.00,1210,0.211003,0.000000,0.369117,2.029
1,forward,coast,6.3977,1500.00,1210,0.211003,0.000000,0.369117,2.029
1,forward,coast,6.4180,1500.00,1210,0.211003,0.000000,0.369117,2.029
1,forward,coast,6.4382,1500.00,1210,0.211003,0.000000,0.369117,2.029
1,forward,coast,6.4398,1500.00,1210,0.211003,0.000000,0.369117,2.046
1,forward,coast,6.4594,1500.00,1210,0.198327,-0.645605,0.384834,2.046
1,forward,coast,6.4798,1500.00,1210,0.198327,0.000000,0.384834,2.046
1,forward,coast,6.5001,1500.00,1210,0.198327,0.000000,0.384834,2.046
1,forward,coast,6.5205,1500.00,1210,0.198327,0.000000,0.384834,2.046
1,forward,coast,6.5403,1500.00,1210,0.198327,0.000000,0.384834,2.059
1,forward,coast,6.5496,1500.00,1210,0.176954,-2.300189,0.396192,2.059
1,forward,coast,6.5700,1500.00,1210,0.176954,0.000000,0.396192,2.059
1,forward,coast,6.5904,1500.00,1210,0.176954,0.000000,0.396192,2.059
1,forward,coast,6.6107,1500.00,1210,0.176954,0.000000,0.396192,2.059
1,forward,coast,6.6310,1500.00,1210,0.176954,0.000000,0.396192,2.059
1,forward,coast,6.6409,1500.00,1210,0.176954,0.000000,0.396192,2.060
1,forward,coast,6.6549,1500.00,1210,0.140174,-2.633744,0.399193,2.060
1,forward,coast,6.6752,1500.00,1210,0.140174,0.000000,0.399193,2.060
1,forward,coast,6.6955,1500.00,1210,0.140174,0.000000,0.399193,2.060
1,forward,coast,6.7158,1500.00,1210,0.140174,0.000000,0.399193,2.060
1,forward,coast,6.7360,1500.00,1210,0.140174,0.000000,0.399193,2.060
1,forward,coast,6.7413,1500.00,1210,0.140174,0.000000,0.399193,2.059
1,forward,coast,6.7597,1500.00,1210,0.097262,-2.342580,0.396032,2.059
1,forward,coast,6.7800,1500.00,1210,0.097262,0.000000,0.396032,2.059
1,forward,coast,6.8002,1500.00,1210,0.097262,0.000000,0.396032,2.059
1,forward,coast,6.8205,1500.00,1210,0.097262,0.000000,0.396032,2.059
1,forward,coast,6.8407,1500.00,1210,0.097262,0.000000,0.396032,2.059
1,forward,coast,6.8419,1500.00,1210,0.097262,0.000000,0.396032,2.059
1,forward,coast,6.8625,1500.00,1210,0.097262,0.000000,0.396032,2.059
1,forward,coast,6.8659,1500.00,1210,0.075335,-6.511614,0.396992,2.059
1,forward,coast,6.8862,1500.00,1210,0.075335,0.000000,0.396992,2.059
1,forward,coast,6.9064,1500.00,1210,0.075335,0.000000,0.396992,2.059
1,forward,coast,6.9267,1500.00,1210,0.075335,0.000000,0.396992,2.059
1,forward,coast,6.9425,1500.00,1210,0.075335,0.000000,0.396992,2.059
1,forward,coast,6.9508,1500.00,1210,0.054970,-2.431323,0.396373,2.059
1,forward,coast,6.9712,1500.00,1210,0.054970,0.000000,0.396373,2.059
1,forward,coast,6.9914,1500.00,1210,0.054970,0.000000,0.396373,2.059
1,forward,coast,7.0117,1500.00,1210,0.054970,0.000000,0.396373,2.059
1,forward,coast,7.0319,1500.00,1210,0.054970,0.000000,0.396373,2.059
1,forward,coast,7.0429,1500.00,1210,0.054970,0.000000,0.396373,2.059
1,forward,coast,7.0597,1500.00,1210,0.039006,-0.954977,0.395483,2.059
1,forward,coast,7.0800,1500.00,1210,0.039006,0.000000,0.395483,2.059
1,forward,coast,7.1004,1500.00,1210,0.039006,0.000000,0.395483,2.059
1,forward,coast,7.1206,1500.00,1210,0.039006,0.000000,0.395483,2.059
1,forward,coast,7.1408,1500.00,1210,0.039006,0.000000,0.395483,2.058
1,forward,coast,7.1498,1500.00,1210,0.031780,-0.805356,0.396499,2.058
1,forward,coast,7.1701,1500.00,1210,0.031780,0.000000,0.396499,2.058
1,forward,coast,7.1904,1500.00,1210,0.031780,0.000000,0.396499,2.058
1,forward,coast,7.2106,1500.00,1210,0.031780,0.000000,0.396499,2.058
1,forward,coast,7.2309,1500.00,1210,0.031780,0.000000,0.396499,2.058
1,forward,coast,7.2412,1500.00,1210,0.031780,0.000000,0.396499,2.059
1,forward,coast,7.2556,1500.00,1210,0.018186,-0.943592,0.394283,2.059
2,reverse,kick,8.7995,1610.00,1298,0.001893,0.000000,0.000979,1.027
2,reverse,kick,8.8204,1610.00,1299,0.001893,0.000000,0.000979,1.027
2,reverse,kick,8.8348,1610.00,1298,0.001893,0.000000,0.000979,1.027
2,reverse,kick,8.8440,1610.00,1299,0.009107,0.776996,0.003901,1.027
2,reverse,kick,8.8651,1610.00,1298,0.009107,0.000000,0.003901,1.027
2,reverse,kick,8.8860,1610.00,1298,0.009107,0.000000,0.003901,1.027
2,reverse,kick,8.9069,1610.00,1299,0.009107,0.000000,0.003901,1.027
2,reverse,kick,8.9278,1610.00,1298,0.009107,0.000000,0.003901,1.027
2,reverse,kick,8.9351,1610.00,1298,0.009107,0.000000,0.003901,1.027
2,reverse,kick,8.9498,1610.00,1299,-0.003657,-0.869095,0.003209,1.027
2,reverse,kick,8.9708,1610.00,1298,-0.003657,0.000000,0.003209,1.027
2,reverse,kick,8.9918,1610.00,1299,-0.003657,0.000000,0.003209,1.027
2,reverse,kick,9.0127,1610.00,1298,-0.003657,0.000000,0.003209,1.027
2,reverse,kick,9.0336,1610.00,1298,-0.003657,0.000000,0.003209,1.027
2,reverse,kick,9.0356,1610.00,1299,-0.003657,0.000000,0.003209,1.038
2,reverse,kick,9.0536,1610.00,1298,-0.049667,-2.547771,0.019196,1.038
2,reverse,kick,9.0747,1610.00,1299,-0.049667,0.000000,0.019196,1.038
2,reverse,kick,9.0956,1610.00,1298,-0.049667,0.000000,0.019196,1.038
2,reverse,kick,9.1165,1610.00,1298,-0.049667,0.000000,0.019196,1.038
2,reverse,kick,9.1336,1610.00,1299,-0.049667,0.000000,0.019196,1.058
2,reverse,kick,9.1497,1610.00,1298,-0.103907,-3.362596,0.045935,1.058
2,reverse,sustain,9.1709,1592.50,1284,-0.103907,0.000000,0.045935,1.058
2,reverse,sustain,9.1918,1592.50,1285,-0.103907,0.000000,0.045935,1.058
2,reverse,sustain,9.2127,1592.50,1284,-0.103907,0.000000,0.045935,1.058
2,reverse,sustain,9.2343,1592.50,1284,-0.103907,0.000000,0.045935,1.089
2,reverse,sustain,9.2527,1592.50,1284,-0.160199,-3.046636,0.078256,1.089
2,reverse,sustain,9.2738,1592.50,1285,-0.160199,0.000000,0.078256,1.089
2,reverse,sustain,9.2947,1592.50,1284,-0.160199,0.000000,0.078256,1.089
2,reverse,sustain,9.3156,1592.50,1284,-0.160199,0.000000,0.078256,1.089
2,reverse,sustain,9.3347,1592.50,1284,-0.160199,0.000000,0.078256,1.124
2,reverse,sustain,9.3442,1592.50,1285,-0.215950,-5.902547,0.116819,1.124
2,reverse,sustain,9.3652,1592.50,1284,-0.215950,0.000000,0.116819,1.124
2,reverse,sustain,9.3861,1592.50,1284,-0.215950,0.000000,0.116819,1.124
2,reverse,sustain,9.4070,1592.50,1285,-0.215950,0.000000,0.116819,1.124
2,reverse,sustain,9.4278,1592.50,1284,-0.215950,0.000000,0.116819,1.124
2,reverse,sustain,9.4353,1592.50,1284,-0.215950,0.000000,0.116819,1.156
2,reverse,sustain,9.4517,1592.50,1284,-0.232274,-1.000530,0.145068,1.156
2,reverse,sustain,9.4726,1592.50,1285,-0.232274,0.000000,0.145068,1.156
2,reverse,sustain,9.4936,1592.50,1284,-0.232274,0.000000,0.145068,1.156
2,reverse,sustain,9.5146,1592.50,1284,-0.232274,0.000000,0.145068,1.156
2,reverse,sustain,9.5357,1592.50,1284,-0.232274,0.000000,0.145068,1.184
2,reverse,sustain,9.5513,1592.50,1285,-0.250730,-1.178088,0.175893,1.184
2,reverse,sustain,9.5724,1592.50,1284,-0.250730,0.000000,0.175893,1.184
2,reverse,sustain,9.5933,1592.50,1284,-0.250730,0.000000,0.175893,1.184
2,reverse,sustain,9.6142,1592.50,1285,-0.250730,0.000000,0.175893,1.184
2,reverse,sustain,9.6339,1592.50,1284,-0.250730,0.000000,0.175893,1.207
2,reverse,sustain,9.6505,1592.50,1284,-0.243796,0.417922,0.198225,1.207
2,reverse,sustain,9.6715,1592.50,1284,-0.243796,0.000000,0.198225,1.207
2,reverse,sustain,9.6925,1592.50,1285,-0.243796,0.000000,0.198225,1.207
2,reverse,sustain,9.7134,1592.50,1284,-0.243796,0.000000,0.198225,1.207
2,reverse,sustain,9.7345,1592.50,1284,-0.243796,0.000000,0.198225,1.229
2,reverse,sustain,9.7479,1592.50,1284,-0.240755,0.227005,0.220993,1.229
2,reverse,sustain,9.7689,1592.50,1285,-0.240755,0.000000,0.220993,1.229
2,reverse,sustain,9.7898,1592.50,1284,-0.240755,0.000000,0.220993,1.229
2,reverse,sustain,9.8107,1592.50,1284,-0.240755,0.000000,0.220993,1.229
2,reverse,sustain,9.8315,1592.50,1285,-0.240755,0.000000,0.220993,1.229
2,reverse,sustain,9.8347,1592.50,1284,-0.240755,0.000000,0.220993,1.249
2,reverse,sustain,9.8519,1592.50,1284,-0.223027,1.031182,0.238077,1.249
2,reverse,sustain,9.8731,1592.50,1284,-0.223027,0.000000,0.238077,1.249
2,reverse,sustain,9.8941,1592.50,1285,-0.223027,0.000000,0.238077,1.249
2,reverse,sustain,9.9152,1592.50,1284,-0.223027,0.000000,0.238077,1.249
2,reverse,sustain,9.9350,1592.50,1284,-0.223027,0.000000,0.238077,1.268
2,reverse,sustain,9.9417,1592.50,1285,-0.204886,2.698751,0.253168,1.268
2,reverse,sustain,9.9627,1592.50,1284,-0.204886,0.000000,0.253168,1.268
2,reverse,sustain,9.9836,1592.50,1284,-0.204886,0.000000,0.253168,1.268
2,reverse,sustain,10.0044,1592.50,1284,-0.204886,0.000000,0.253168,1.268
2,reverse,sustain,10.0253,1592.50,1285,-0.204886,0.000000,0.253168,1.268
2,reverse,sustain,10.0358,1592.50,1284,-0.204886,0.000000,0.253168,1.283
2,reverse,sustain,10.0472,1592.50,1284,-0.183267,1.894609,0.265048,1.283
2,reverse,sustain,10.0683,1592.50,1284,-0.183267,0.000000,0.265048,1.283
2,reverse,sustain,10.0891,1592.50,1285,-0.183267,0.000000,0.265048,1.283
2,reverse,sustain,10.1100,1592.50,1284,-0.183267,0.000000,0.265048,1.283
2,reverse,sustain,10.1309,1592.50,1284,-0.183267,0.000000,0.265048,1.283
2,reverse,sustain,10.1366,1592.50,1285,-0.183267,0.000000,0.265048,1.291
2,reverse,sustain,10.1566,1592.50,1284,-0.151744,1.577680,0.270832,1.291
2,reverse,sustain,10.1779,1592.50,1284,-0.151744,0.000000,0.270832,1.291
2,reverse,sustain,10.1990,1592.50,1284,-0.151744,0.000000,0.270832,1.291
2,reverse,sustain,10.2199,1592.50,1285,-0.151744,0.000000,0.270832,1.291
2,reverse,sustain,10.2343,1592.50,1284,-0.151744,0.000000,0.270832,1.293
2,reverse,sustain,10.2461,1592.50,1284,-0.121452,2.571331,0.273904,1.293
2,reverse,sustain,10.2671,1592.50,1284,-0.121452,0.000000,0.273904,1.293
2,reverse,sustain,10.2880,1592.50,1285,-0.121452,0.000000,0.273904,1.293
2,reverse,sustain,10.3088,1592.50,1284,-0.121452,0.000000,0.273904,1.293
2,reverse,sustain,10.3297,1592.50,1284,-0.121452,0.000000,0.273904,1.293
2,reverse,sustain,10.3349,1592.50,1285,-0.121452,0.000000,0.273904,1.293
2,reverse,sustain,10.3514,1592.50,1284,-0.084256,2.242739,0.271225,1.293
2,reverse,sustain,10.3724,1592.50,1284,-0.084256,0.000000,0.271225,1.293
2,reverse,sustain,10.3933,1592.50,1284,-0.084256,0.000000,0.271225,1.293
2,reverse,sustain,10.4142,1592.50,1285,-0.084256,0.000000,0.271225,1.293
2,reverse,sustain,10.4355,1592.50,1284,-0.084256,0.000000,0.271225,1.293
2,reverse,sustain,10.4532,1592.50,1284,-0.062233,1.240976,0.270836,1.293
2,reverse,sustain,10.4742,1592.50,1284,-0.062233,0.000000,0.270836,1.293
2,reverse,sustain,10.4951,1592.50,1285,-0.062233,0.000000,0.270836,1.293
2,reverse,sustain,10.5160,1592.50,1284,-0.062233,0.000000,0.270836,1.293
2,reverse,sustain,10.5360,1592.50,1284,-0.062233,0.000000,0.270836,1.292
2,reverse,sustain,10.5552,1592.50,1285,-0.049455,0.667757,0.271954,1.292
2,reverse,sustain,10.5763,1592.50,1284,-0.049455,0.000000,0.271954,1.292
2,reverse,sustain,10.5972,1592.50,1284,-0.049455,0.000000,0.271954,1.292
2,reverse,sustain,10.6181,1592.50,1284,-0.049455,0.000000,0.271954,1.292
2,reverse,sustain,10.6367,1592.50,1285,-0.049455,0.000000,0.271954,1.293
2,reverse,sustain,10.6459,1592.50,1284,-0.033186,1.772376,0.270383,1.293
2,reverse,sustain,10.6669,1592.50,1284,-0.033186,0.000000,0.270383,1.293
2,reverse,coast,10.6878,1500.00,1210,-0.033186,0.000000,0.270383,1.293
2,reverse,coast,10.7080,1500.00,1210,-0.033186,0.000000,0.270383,1.293
2,reverse,coast,10.7283,1500.00,1210,-0.033186,0.000000,0.270383,1.293
2,reverse,coast,10.7346,1500.00,1210,-0.033186,0.000000,0.270383,1.293
2,reverse,coast,10.7467,1500.00,1210,-0.021622,0.951222,0.269067,1.293
3,reverse,kick,12.2983,1610.00,1298,0.001948,0.000000,0.002643,1.293
3,reverse,kick,12.3192,1610.00,1299,0.001948,0.000000,0.002643,1.293
3,reverse,kick,12.3356,1610.00,1298,0.001948,0.000000,0.002643,1.293
3,reverse,kick,12.3523,1610.00,1299,0.000477,-0.088229,0.003055,1.293
3,reverse,kick,12.3733,1610.00,1298,0.000477,0.000000,0.003055,1.293
3,reverse,kick,12.3942,1610.00,1298,0.000477,0.000000,0.003055,1.293
3,reverse,kick,12.4151,1610.00,1299,0.000477,0.000000,0.003055,1.293
3,reverse,kick,12.4362,1610.00,1298,0.000477,0.000000,0.003055,1.294
3,reverse,kick,12.4510,1610.00,1298,-0.003679,-0.280855,0.004385,1.294
3,reverse,kick,12.4719,1610.00,1299,-0.003679,0.000000,0.004385,1.294
3,reverse,kick,12.4928,1610.00,1298,-0.003679,0.000000,0.004385,1.294
3,reverse,kick,12.5137,1610.00,1299,-0.003679,0.000000,0.004385,1.294
3,reverse,kick,12.5346,1610.00,1298,-0.003679,0.000000,0.004385,1.294
3,reverse,kick,12.5368,1610.00,1298,-0.003679,0.000000,0.004385,1.301
3,reverse,kick,12.5556,1610.00,1299,-0.027985,-1.293432,0.014530,1.301
3,reverse,kick,12.5766,1610.00,1298,-0.027985,0.000000,0.014530,1.301
3,reverse,kick,12.5976,1610.00,1299,-0.027985,0.000000,0.014530,1.301
3,reverse,kick,12.6185,1610.00,1298,-0.027985,0.000000,0.014530,1.301
3,reverse,kick,12.6371,1610.00,1298,-0.027985,0.000000,0.014530,1.309
3,reverse,kick,12.6518,1610.00,1299,-0.043196,-1.034874,0.023448,1.309
3,reverse,kick,12.6728,1610.00,1298,-0.043196,0.000000,0.023448,1.309
3,reverse,kick,12.6937,1610.00,1299,-0.043196,0.000000,0.023448,1.309
3,reverse,kick,12.7147,1610.00,1298,-0.043196,0.000000,0.023448,1.309
3,reverse,kick,12.7353,1610.00,1298,-0.043196,0.000000,0.023448,1.324
3,reverse,kick,12.7538,1610.00,1299,-0.088277,-2.433857,0.045831,1.324
3,reverse,sustain,12.7748,1600.00,1290,-0.088277,0.000000,0.045831,1.324
3,reverse,sustain,12.7958,1600.00,1291,-0.088277,0.000000,0.045831,1.324
3,reverse,sustain,12.8167,1600.00,1290,-0.088277,0.000000,0.045831,1.324
3,reverse,sustain,12.8359,1600.00,1290,-0.088277,0.000000,0.045831,1.344
3,reverse,sustain,12.8556,1600.00,1291,-0.124854,-1.860228,0.068926,1.344
3,reverse,sustain,12.8766,1600.00,1290,-0.124854,0.000000,0.068926,1.344
3,reverse,sustain,12.8975,1600.00,1290,-0.124854,0.000000,0.068926,1.344
3,reverse,sustain,12.9184,1600.00,1291,-0.124854,0.000000,0.068926,1.344
3,reverse,sustain,12.9335,1600.00,1290,-0.124854,0.000000,0.068926,1.332
3,reverse,sustain,12.9407,1600.00,1290,-0.155813,-4.286937,0.093956,1.332
3,reverse,sustain,12.9617,1600.00,1291,-0.155813,0.000000,0.093956,1.332
3,reverse,sustain,12.9826,1600.00,1290,-0.155813,0.000000,0.093956,1.332
3,reverse,sustain,13.0035,1600.00,1290,-0.155813,0.000000,0.093956,1.332
3,reverse,sustain,13.0244,1600.00,1291,-0.155813,0.000000,0.093956,1.332
3,reverse,sustain,13.0314,1600.00,1290,-0.155813,0.000000,0.093956,1.342
3,reverse,sustain,13.0488,1600.00,1290,-0.197585,-2.405582,0.125445,1.342
3,reverse,sustain,13.0698,1600.00,1290,-0.197585,0.000000,0.125445,1.342
3,reverse,sustain,13.0907,1600.00,1291,-0.197585,0.000000,0.125445,1.342
3,reverse,sustain,13.1116,1600.00,1290,-0.197585,0.000000,0.125445,1.342
3,reverse,sustain,13.1320,1600.00,1290,-0.197585,0.000000,0.125445,1.340
3,reverse,sustain,13.1484,1600.00,1291,-0.230464,-2.003016,0.157682,1.340
3,reverse,sustain,13.1694,1600.00,1290,-0.230464,0.000000,0.157682,1.340
3,reverse,sustain,13.1903,1600.00,1290,-0.230464,0.000000,0.157682,1.340
3,reverse,sustain,13.2112,1600.00,1291,-0.230464,0.000000,0.157682,1.340
3,reverse,sustain,13.2302,1600.00,1290,-0.230464,0.000000,0.157682,1.313
3,reverse,sustain,13.2470,1600.00,1290,-0.236397,-0.353839,0.183241,1.313
3,reverse,sustain,13.2679,1600.00,1291,-0.236397,0.000000,0.183241,1.313
3,reverse,sustain,13.2888,1600.00,1290,-0.236397,0.000000,0.183241,1.313
3,reverse,sustain,13.3097,1600.00,1290,-0.236397,0.000000,0.183241,1.313
3,reverse,sustain,13.3307,1600.00,1291,-0.236397,0.000000,0.183241,1.311
3,reverse,sustain,13.3490,1600.00,1290,-0.254847,-1.011400,0.213724,1.311
3,reverse,sustain,13.3700,1600.00,1290,-0.254847,0.000000,0.213724,1.311
3,reverse,sustain,13.3909,1600.00,1291,-0.254847,0.000000,0.213724,1.311
3,reverse,sustain,13.4117,1600.00,1290,-0.254847,0.000000,0.213724,1.311
3,reverse,sustain,13.4288,1600.00,1290,-0.254847,0.000000,0.213724,1.329
3,reverse,sustain,13.4416,1600.00,1291,-0.262316,-0.584467,0.242332,1.329
3,reverse,sustain,13.4626,1600.00,1290,-0.262316,0.000000,0.242332,1.329
3,reverse,sustain,13.4835,1600.00,1290,-0.262316,0.000000,0.242332,1.329
3,reverse,sustain,13.5043,1600.00,1291,-0.262316,0.000000,0.242332,1.329
3,reverse,sustain,13.5252,1600.00,1290,-0.262316,0.000000,0.242332,1.329
3,reverse,sustain,13.5292,1600.00,1290,-0.262316,0.000000,0.242332,1.349
3,reverse,sustain,13.5448,1600.00,1291,-0.278833,-1.057143,0.274556,1.349
3,reverse,sustain,13.5658,1600.00,1290,-0.278833,0.000000,0.274556,1.349
3,reverse,sustain,13.5868,1600.00,1290,-0.278833,0.000000,0.274556,1.349
3,reverse,sustain,13.6077,1600.00,1291,-0.278833,0.000000,0.274556,1.349
3,reverse,sustain,13.6286,1600.00,1290,-0.278833,0.000000,0.274556,1.349
3,reverse,sustain,13.6304,1600.00,1290,-0.278833,0.000000,0.274556,1.373
3,reverse,sustain,13.6505,1600.00,1290,-0.270112,0.433911,0.299036,1.373
3,reverse,sustain,13.6715,1600.00,1291,-0.270112,0.000000,0.299036,1.373
3,reverse,sustain,13.6924,1600.00,1290,-0.270112,0.000000,0.299036,1.373
3,reverse,sustain,13.7132,1600.00,1290,-0.270112,0.000000,0.299036,1.373
3,reverse,sustain,13.7302,1600.00,1291,-0.270112,0.000000,0.299036,1.401
3,reverse,sustain,13.7396,1600.00,1290,-0.268496,0.170811,0.325550,1.401
3,reverse,sustain,13.7606,1600.00,1290,-0.268496,0.000000,0.325550,1.401
3,reverse,sustain,13.7815,1600.00,1291,-0.268496,0.000000,0.325550,1.401
3,reverse,sustain,13.8024,1600.00,1290,-0.268496,0.000000,0.325550,1.401
3,reverse,sustain,13.8232,1600.00,1290,-0.268496,0.000000,0.325550,1.401
3,reverse,sustain,13.8308,1600.00,1291,-0.268496,0.000000,0.325550,1.425
3,reverse,sustain,13.8447,1600.00,1290,-0.281513,-0.935627,0.357748,1.425
3,reverse,sustain,13.8657,1600.00,1290,-0.281513,0.000000,0.357748,1.425
3,reverse,sustain,13.8866,1600.00,1291,-0.281513,0.000000,0.357748,1.425
3,reverse,sustain,13.9075,1600.00,1290,-0.281513,0.000000,0.357748,1.425
3,reverse,sustain,13.9284,1600.00,1290,-0.281513,0.000000,0.357748,1.425
3,reverse,sustain,13.9313,1600.00,1291,-0.281513,0.000000,0.357748,1.448
3,reverse,sustain,13.9472,1600.00,1290,-0.282601,-0.068377,0.386500,1.448
3,reverse,sustain,13.9682,1600.00,1290,-0.282601,0.000000,0.386500,1.448
3,reverse,sustain,13.9891,1600.00,1291,-0.282601,0.000000,0.386500,1.448
3,reverse,sustain,14.0099,1600.00,1290,-0.282601,0.000000,0.386500,1.448
3,reverse,sustain,14.0295,1600.00,1290,-0.282601,0.000000,0.386500,1.473
3,reverse,sustain,14.0389,1600.00,1291,-0.265193,1.849927,0.407905,1.473
3,reverse,sustain,14.0600,1600.00,1290,-0.265193,0.000000,0.407905,1.473
3,reverse,sustain,14.0811,1600.00,1290,-0.265193,0.000000,0.407905,1.473
3,reverse,sustain,14.1022,1600.00,1291,-0.265193,0.000000,0.407905,1.473
3,reverse,sustain,14.1232,1600.00,1290,-0.265193,0.000000,0.407905,1.473
3,reverse,sustain,14.1326,1600.00,1290,-0.265193,0.000000,0.407905,1.497
3,reverse,sustain,14.1451,1600.00,1291,-0.262020,0.253997,0.432706,1.497
3,reverse,sustain,14.1664,1600.00,1290,-0.262020,0.000000,0.432706,1.497
3,reverse,sustain,14.1876,1600.00,1290,-0.262020,0.000000,0.432706,1.497
3,reverse,sustain,14.2086,1600.00,1290,-0.262020,0.000000,0.432706,1.497
3,reverse,sustain,14.2295,1600.00,1291,-0.262020,0.000000,0.432706,1.497
3,reverse,sustain,14.2332,1600.00,1290,-0.262020,0.000000,0.432706,1.523
3,reverse,sustain,14.2499,1600.00,1290,-0.266980,-0.296264,0.461750,1.523
3,reverse,sustain,14.2709,1600.00,1291,-0.266980,0.000000,0.461750,1.523
3,reverse,coast,14.2918,1500.00,1210,-0.266980,0.000000,0.461750,1.523
3,reverse,coast,14.3121,1500.00,1210,-0.266980,0.000000,0.461750,1.523
3,reverse,coast,14.3323,1500.00,1210,-0.266980,0.000000,0.461750,1.523
3,reverse,coast,14.3337,1500.00,1210,-0.266980,0.000000,0.461750,1.551
3,reverse,coast,14.3523,1500.00,1210,-0.280453,-0.725072,0.494028,1.551
3,reverse,coast,14.3727,1500.00,1210,-0.280453,0.000000,0.494028,1.551
3,reverse,coast,14.3929,1500.00,1210,-0.280453,0.000000,0.494028,1.551
3,reverse,coast,14.4132,1500.00,1210,-0.280453,0.000000,0.494028,1.551
3,reverse,coast,14.4341,1500.00,1210,-0.280453,0.000000,0.494028,1.571
3,reverse,coast,14.4484,1500.00,1210,-0.270391,0.706939,0.518143,1.571
3,reverse,coast,14.4687,1500.00,1210,-0.270391,0.000000,0.518143,1.571
3,reverse,coast,14.4890,1500.00,1210,-0.270391,0.000000,0.518143,1.571
3,reverse,coast,14.5093,1500.00,1210,-0.270391,0.000000,0.518143,1.571
3,reverse,coast,14.5295,1500.00,1210,-0.270391,0.000000,0.518143,1.571
3,reverse,coast,14.5347,1500.00,1210,-0.270391,0.000000,0.518143,1.574
3,reverse,coast,14.5494,1500.00,1210,-0.237417,2.237671,0.532052,1.574
3,reverse,coast,14.5699,1500.00,1210,-0.237417,0.000000,0.532052,1.574
3,reverse,coast,14.5901,1500.00,1210,-0.237417,0.000000,0.532052,1.574
3,reverse,coast,14.6104,1500.00,1210,-0.237417,0.000000,0.532052,1.574
3,reverse,coast,14.6309,1500.00,1210,-0.237417,0.000000,0.532052,1.574
3,reverse,coast,14.6324,1500.00,1210,-0.237417,0.000000,0.532052,1.571
3,reverse,coast,14.6471,1500.00,1210,-0.160699,5.234208,0.525064,1.571
3,reverse,coast,14.6674,1500.00,1210,-0.160699,0.000000,0.525064,1.571
3,reverse,coast,14.6877,1500.00,1210,-0.160699,0.000000,0.525064,1.571
3,reverse,coast,14.7080,1500.00,1210,-0.160699,0.000000,0.525064,1.571
3,reverse,coast,14.7282,1500.00,1210,-0.160699,0.000000,0.525064,1.571
3,reverse,coast,14.7333,1500.00,1210,-0.160699,0.000000,0.525064,1.571
3,reverse,coast,14.7459,1500.00,1210,-0.115447,3.615443,0.523078,1.571
3,reverse,coast,14.7662,1500.00,1210,-0.115447,0.000000,0.523078,1.571
3,reverse,coast,14.7865,1500.00,1210,-0.115447,0.000000,0.523078,1.571
3,reverse,coast,14.8068,1500.00,1210,-0.115447,0.000000,0.523078,1.571
3,reverse,coast,14.8270,1500.00,1210,-0.115447,0.000000,0.523078,1.571
3,reverse,coast,14.8338,1500.00,1210,-0.115447,0.000000,0.523078,1.569
3,reverse,coast,14.8472,1500.00,1210,-0.092346,1.722324,0.525401,1.569
3,reverse,coast,14.8676,1500.00,1210,-0.092346,0.000000,0.525401,1.569
3,reverse,coast,14.8879,1500.00,1210,-0.092346,0.000000,0.525401,1.569
3,reverse,coast,14.9081,1500.00,1210,-0.092346,0.000000,0.525401,1.569
3,reverse,coast,14.9284,1500.00,1210,-0.092346,0.000000,0.525401,1.569
3,reverse,coast,14.9343,1500.00,1210,-0.092346,0.000000,0.525401,1.570
3,reverse,coast,14.9481,1500.00,1210,-0.070977,1.551542,0.526091,1.570
3,reverse,coast,14.9684,1500.00,1210,-0.070977,0.000000,0.526091,1.570
3,reverse,coast,14.9887,1500.00,1210,-0.070977,0.000000,0.526091,1.570
3,reverse,coast,15.0089,1500.00,1210,-0.070977,0.000000,0.526091,1.570
3,reverse,coast,15.0292,1500.00,1210,-0.070977,0.000000,0.526091,1.570
3,reverse,coast,15.0350,1500.00,1210,-0.070977,0.000000,0.526091,1.571
3,reverse,coast,15.0478,1500.00,1210,-0.048109,1.779225,0.524030,1.571
3,reverse,coast,15.0682,1500.00,1210,-0.048109,0.000000,0.524030,1.571
3,reverse,coast,15.0885,1500.00,1210,-0.048109,0.000000,0.524030,1.571
3,reverse,coast,15.1087,1500.00,1210,-0.048109,0.000000,0.524030,1.571
3,reverse,coast,15.1290,1500.00,1210,-0.048109,0.000000,0.524030,1.571
3,reverse,coast,15.1323,1500.00,1210,-0.048109,0.000000,0.524030,1.569
3,reverse,coast,15.1469,1500.00,1210,-0.032581,1.063426,0.522622,1.569
3,reverse,coast,15.1672,1500.00,1210,-0.032581,0.000000,0.522622,1.569
3,reverse,coast,15.1877,1500.00,1210,-0.032581,0.000000,0.522622,1.569
3,reverse,coast,15.2080,1500.00,1210,-0.032581,0.000000,0.522622,1.569
3,reverse,coast,15.2283,1500.00,1210,-0.032581,0.000000,0.522622,1.569
3,reverse,coast,15.2329,1500.00,1210,-0.032581,0.000000,0.522622,1.570
3,reverse,coast,15.2500,1500.00,1210,-0.028593,0.233310,0.524243,1.570
3,reverse,coast,15.2703,1500.00,1210,-0.028593,0.000000,0.524243,1.570
3,reverse,coast,15.2906,1500.00,1210,-0.028593,0.000000,0.524243,1.570
3,reverse,coast,15.3108,1500.00,1210,-0.028593,0.000000,0.524243,1.570
3,reverse,coast,15.3311,1500.00,1210,-0.028593,0.000000,0.524243,1.570
3,reverse,coast,15.3335,1500.00,1210,-0.028593,0.000000,0.524243,1.569
3,reverse,coast,15.3438,1500.00,1210,-0.022116,0.631355,0.524512,1.569
4,forward,kick,16.8693,1401.00,1130,0.000316,0.000000,0.000679,1.295
4,forward,kick,16.8902,1401.00,1130,0.000316,0.000000,0.000679,1.295
4,forward,kick,16.9111,1401.00,1130,0.000316,0.000000,0.000679,1.295
4,forward,kick,16.9294,1401.00,1129,0.000316,0.000000,0.000679,1.294
4,forward,kick,16.9469,1401.00,1130,0.000520,0.011733,0.000661,1.294
4,forward,kick,16.9679,1401.00,1130,0.000520,0.000000,0.000661,1.294
4,forward,kick,16.9888,1401.00,1130,0.000520,0.000000,0.000661,1.294
4,forward,kick,17.0097,1401.00,1130,0.000520,0.000000,0.000661,1.294
4,forward,kick,17.0272,1401.00,1130,0.000520,0.000000,0.000661,1.299
4,forward,kick,17.0370,1401.00,1129,0.004759,0.433694,0.002403,1.299
4,forward,kick,17.0580,1401.00,1130,0.004759,0.000000,0.002403,1.299
4,forward,kick,17.0789,1401.00,1130,0.004759,0.000000,0.002403,1.299
4,forward,kick,17.0998,1401.00,1130,0.004759,0.000000,0.002403,1.299
4,forward,kick,17.1206,1401.00,1130,0.004759,0.000000,0.002403,1.299
4,forward,kick,17.1277,1401.00,1130,0.004759,0.000000,0.002403,1.316
4,forward,kick,17.1488,1401.00,1129,0.046998,2.001422,0.019262,1.316
4,forward,kick,17.1698,1401.00,1130,0.046998,0.000000,0.019262,1.316
4,forward,kick,17.1907,1401.00,1130,0.046998,0.000000,0.019262,1.316
4,forward,kick,17.2116,1401.00,1130,0.046998,0.000000,0.019262,1.316
4,forward,kick,17.2287,1401.00,1130,0.046998,0.000000,0.019262,1.337
4,forward,kick,17.2487,1401.00,1130,0.099921,2.641096,0.045269,1.337
4,forward,sustain,17.2697,1410.00,1137,0.099921,0.000000,0.045269,1.337
4,forward,sustain,17.2906,1410.00,1137,0.099921,0.000000,0.045269,1.337
4,forward,sustain,17.3115,1410.00,1137,0.099921,0.000000,0.045269,1.337
4,forward,sustain,17.3291,1410.00,1137,0.099921,0.000000,0.045269,1.367
4,forward,sustain,17.3495,1410.00,1137,0.152712,2.583673,0.076675,1.367
4,forward,sustain,17.3705,1410.00,1138,0.152712,0.000000,0.076675,1.367
4,forward,sustain,17.3914,1410.00,1137,0.152712,0.000000,0.076675,1.367
4,forward,sustain,17.4123,1410.00,1137,0.152712,0.000000,0.076675,1.367
4,forward,sustain,17.4296,1410.00,1137,0.152712,0.000000,0.076675,1.396
4,forward,sustain,17.4430,1410.00,1137,0.189024,2.716655,0.106598,1.396
4,forward,sustain,17.4640,1410.00,1137,0.189024,0.000000,0.106598,1.396
4,forward,sustain,17.4849,1410.00,1137,0.189024,0.000000,0.106598,1.396
4,forward,sustain,17.5057,1410.00,1137,0.189024,0.000000,0.106598,1.396
4,forward,sustain,17.5274,1410.00,1137,0.189024,0.000000,0.106598,1.429
4,forward,sustain,17.5283,1410.00,1137,0.189024,0.000000,0.106598,1.429
4,forward,sustain,17.5391,1410.00,1138,0.230529,3.857551,0.142281,1.429
4,forward,sustain,17.5601,1410.00,1137,0.230529,0.000000,0.142281,1.429
4,forward,sustain,17.5811,1410.00,1137,0.230529,0.000000,0.142281,1.429
4,forward,sustain,17.6020,1410.00,1137,0.230529,0.000000,0.142281,1.429
4,forward,sustain,17.6230,1410.00,1137,0.230529,0.000000,0.142281,1.429
4,forward,sustain,17.6285,1410.00,1137,0.230529,0.000000,0.142281,1.456
4,forward,sustain,17.6389,1410.00,1137,0.250195,1.884823,0.172514,1.456
4,forward,sustain,17.6599,1410.00,1137,0.250195,0.000000,0.172514,1.456
4,forward,sustain,17.6808,1410.00,1137,0.250195,0.000000,0.172514,1.456
4,forward,sustain,17.7017,1410.00,1137,0.250195,0.000000,0.172514,1.456
4,forward,sustain,17.7226,1410.00,1138,0.250195,0.000000,0.172514,1.456
4,forward,sustain,17.7288,1410.00,1137,0.250195,0.000000,0.172514,1.480
4,forward,sustain,17.7482,1410.00,1137,0.240259,-0.513165,0.193966,1.480
4,forward,sustain,17.7692,1410.00,1137,0.240259,0.000000,0.193966,1.480
4,forward,sustain,17.7901,1410.00,1137,0.240259,0.000000,0.193966,1.480
4,forward,sustain,17.8111,1410.00,1137,0.240259,0.000000,0.193966,1.480
4,forward,sustain,17.8290,1410.00,1137,0.240259,0.000000,0.193966,1.506
4,forward,sustain,17.8479,1410.00,1137,0.250592,0.548188,0.221974,1.506
4,forward,sustain,17.8689,1410.00,1137,0.250592,0.000000,0.221974,1.506
4,forward,sustain,17.8898,1410.00,1137,0.250592,0.000000,0.221974,1.506
4,forward,sustain,17.9106,1410.00,1137,0.250592,0.000000,0.221974,1.506
4,forward,sustain,17.9297,1410.00,1138,0.250592,0.000000,0.221974,1.535
4,forward,sustain,17.9391,1410.00,1137,0.260354,1.033828,0.250988,1.535
4,forward,sustain,17.9601,1410.00,1137,0.260354,0.000000,0.250988,1.535
4,forward,sustain,17.9810,1410.00,1137,0.260354,0.000000,0.250988,1.535
4,forward,sustain,18.0019,1410.00,1137,0.260354,0.000000,0.250988,1.535
4,forward,sustain,18.0227,1410.00,1137,0.260354,0.000000,0.250988,1.535
4,forward,sustain,18.0279,1410.00,1137,0.260354,0.000000,0.250988,1.559
4,forward,sustain,18.0400,1410.00,1137,0.262369,0.166197,0.277971,1.559
4,forward,sustain,18.0610,1410.00,1137,0.262369,0.000000,0.277971,1.559
4,forward,sustain,18.0820,1410.00,1137,0.262369,0.000000,0.277971,1.559
4,forward,sustain,18.1029,1410.00,1138,0.262369,0.000000,0.277971,1.559
4,forward,sustain,18.1238,1410.00,1137,0.262369,0.000000,0.277971,1.559
4,forward,sustain,18.1285,1410.00,1137,0.262369,0.000000,0.277971,1.586
4,forward,sustain,18.1466,1410.00,1137,0.262779,0.022609,0.303932,1.586
4,forward,sustain,18.1676,1410.00,1137,0.262779,0.000000,0.303932,1.586
4,forward,sustain,18.1887,1410.00,1137,0.262779,0.000000,0.303932,1.586
4,forward,sustain,18.2099,1410.00,1137,0.262779,0.000000,0.303932,1.586
4,forward,sustain,18.2293,1410.00,1137,0.262779,0.000000,0.303932,1.615
4,forward,sustain,18.2383,1410.00,1137,0.268146,0.596864,0.332503,1.615
4,forward,sustain,18.2594,1410.00,1137,0.268146,0.000000,0.332503,1.615
4,forward,sustain,18.2803,1410.00,1138,0.268146,0.000000,0.332503,1.615
4,forward,sustain,18.3012,1410.00,1137,0.268146,0.000000,0.332503,1.615
4,forward,sustain,18.3221,1410.00,1137,0.268146,0.000000,0.332503,1.615
4,forward,sustain,18.3294,1410.00,1137,0.268146,0.000000,0.332503,1.641
4,forward,sustain,18.3438,1410.00,1137,0.277823,0.674060,0.363356,1.641
4,forward,sustain,18.3648,1410.00,1137,0.277823,0.000000,0.363356,1.641
4,forward,sustain,18.3857,1410.00,1137,0.277823,0.000000,0.363356,1.641
4,forward,sustain,18.4066,1410.00,1137,0.277823,0.000000,0.363356,1.641
4,forward,sustain,18.4275,1410.00,1137,0.277823,0.000000,0.363356,1.641
4,forward,sustain,18.4301,1410.00,1137,0.277823,0.000000,0.363356,1.671
4,forward,sustain,18.4486,1410.00,1137,0.278134,0.016738,0.391392,1.671
4,forward,sustain,18.4696,1410.00,1138,0.278134,0.000000,0.391392,1.671
4,forward,sustain,18.4905,1410.00,1137,0.278134,0.000000,0.391392,1.671
4,forward,sustain,18.5114,1410.00,1137,0.278134,0.000000,0.391392,1.671
4,forward,sustain,18.5305,1410.00,1137,0.278134,0.000000,0.391392,1.699
4,forward,sustain,18.5419,1410.00,1137,0.280447,0.203411,0.420311,1.699
4,forward,sustain,18.5629,1410.00,1137,0.280447,0.000000,0.420311,1.699
4,forward,sustain,18.5838,1410.00,1137,0.280447,0.000000,0.420311,1.699
4,forward,sustain,18.6047,1410.00,1137,0.280447,0.000000,0.420311,1.699
4,forward,sustain,18.6256,1410.00,1137,0.280447,0.000000,0.420311,1.699
4,forward,sustain,18.6284,1410.00,1137,0.280447,0.000000,0.420311,1.724
4,forward,sustain,18.6468,1410.00,1138,0.268816,-0.631164,0.443816,1.724
4,forward,sustain,18.6678,1410.00,1137,0.268816,0.000000,0.443816,1.724
4,forward,sustain,18.6887,1410.00,1137,0.268816,0.000000,0.443816,1.724
4,forward,sustain,18.7096,1410.00,1137,0.268816,0.000000,0.443816,1.724
4,forward,sustain,18.7291,1410.00,1137,0.268816,0.000000,0.443816,1.753
4,forward,sustain,18.7487,1410.00,1137,0.284068,0.776930,0.476132,1.753
4,forward,sustain,18.7697,1410.00,1137,0.284068,0.000000,0.476132,1.753
4,forward,coast,18.7906,1500.00,1210,0.284068,0.000000,0.476132,1.753
4,forward,coast,18.8109,1500.00,1210,0.284068,0.000000,0.476132,1.753
4,forward,coast,18.8298,1500.00,1210,0.284068,0.000000,0.476132,1.781
4,forward,coast,18.8454,1500.00,1210,0.283334,-0.046823,0.504421,1.781
4,forward,coast,18.8658,1500.00,1210,0.283334,0.000000,0.504421,1.781
4,forward,coast,18.8860,1500.00,1210,0.283334,0.000000,0.504421,1.781
4,forward,coast,18.9063,1500.00,1210,0.283334,0.000000,0.504421,1.781
4,forward,coast,18.9265,1500.00,1210,0.283334,0.000000,0.504421,1.781
4,forward,coast,18.9302,1500.00,1210,0.283334,0.000000,0.504421,1.794
4,forward,coast,18.9480,1500.00,1210,0.248430,-1.956484,0.518869,1.794
4,forward,coast,18.9683,1500.00,1210,0.248430,0.000000,0.518869,1.794
4,forward,coast,18.9886,1500.00,1210,0.248430,0.000000,0.518869,1.794
4,forward,coast,19.0089,1500.00,1210,0.248430,0.000000,0.518869,1.794
4,forward,coast,19.0292,1500.00,1210,0.248430,0.000000,0.518869,1.794
4,forward,coast,19.0308,1500.00,1210,0.248430,0.000000,0.518869,1.793
4,forward,coast,19.0501,1500.00,1210,0.186533,-3.210449,0.518955,1.793
4,forward,coast,19.0704,1500.00,1210,0.186533,0.000000,0.518955,1.793
4,forward,coast,19.0906,1500.00,1210,0.186533,0.000000,0.518955,1.793
4,forward,coast,19.1109,1500.00,1210,0.186533,0.000000,0.518955,1.793
4,forward,coast,19.1313,1500.00,1210,0.186533,0.000000,0.518955,1.793
4,forward,coast,19.1481,1500.00,1210,0.127811,-3.498817,0.514092,1.793
4,forward,coast,19.1687,1500.00,1210,0.127811,0.000000,0.514092,1.793
4,forward,coast,19.1891,1500.00,1210,0.127811,0.000000,0.514092,1.793
4,forward,coast,19.2094,1500.00,1210,0.127811,0.000000,0.514092,1.793
4,forward,coast,19.2289,1500.00,1210,0.127811,0.000000,0.514092,1.792
4,forward,coast,19.2458,1500.00,1210,0.099399,-1.676999,0.515506,1.792
4,forward,coast,19.2661,1500.00,1210,0.099399,0.000000,0.515506,1.792
4,forward,coast,19.2864,1500.00,1210,0.099399,0.000000,0.515506,1.792
4,forward,coast,19.3066,1500.00,1210,0.099399,0.000000,0.515506,1.792
4,forward,coast,19.3269,1500.00,1210,0.099399,0.000000,0.515506,1.792
4,forward,coast,19.3295,1500.00,1210,0.099399,0.000000,0.515506,1.791
4,forward,coast,19.3443,1500.00,1210,0.077056,-1.501411,0.516487,1.791
4,forward,coast,19.3647,1500.00,1210,0.077056,0.000000,0.516487,1.791
4,forward,coast,19.3850,1500.00,1210,0.077056,0.000000,0.516487,1.791
4,forward,coast,19.4052,1500.00,1210,0.077056,0.000000,0.516487,1.791
4,forward,coast,19.4254,1500.00,1210,0.077056,0.000000,0.516487,1.791
4,forward,coast,19.4300,1500.00,1210,0.077056,0.000000,0.516487,1.793
4,forward,coast,19.4382,1500.00,1210,0.059801,-2.095328,0.517294,1.793
4,forward,coast,19.4586,1500.00,1210,0.059801,0.000000,0.517294,1.793
4,forward,coast,19.4789,1500.00,1210,0.059801,0.000000,0.517294,1.793
4,forward,coast,19.4992,1500.00,1210,0.059801,0.000000,0.517294,1.793
4,forward,coast,19.5194,1500.00,1210,0.059801,0.000000,0.517294,1.793
4,forward,coast,19.5305,1500.00,1210,0.059801,0.000000,0.517294,1.793
4,forward,coast,19.5408,1500.00,1210,0.041905,-1.735557,0.516109,1.793
4,forward,coast,19.5612,1500.00,1210,0.041905,0.000000,0.516109,1.793
4,forward,coast,19.5815,1500.00,1210,0.041905,0.000000,0.516109,1.793
4,forward,coast,19.6018,1500.00,1210,0.041905,0.000000,0.516109,1.793
4,forward,coast,19.6221,1500.00,1210,0.041905,0.000000,0.516109,1.793
4,forward,coast,19.6310,1500.00,1210,0.041905,0.000000,0.516109,1.792
4,forward,coast,19.6480,1500.00,1210,0.033824,-0.475919,0.517076,1.792
4,forward,coast,19.6684,1500.00,1210,0.033824,0.000000,0.517076,1.792
4,forward,coast,19.6887,1500.00,1210,0.033824,0.000000,0.517076,1.792
4,forward,coast,19.7089,1500.00,1210,0.033824,0.000000,0.517076,1.792
4,forward,coast,19.7294,1500.00,1210,0.033824,0.000000,0.517076,1.792
4,forward,coast,19.7398,1500.00,1210,0.019924,-1.326766,0.514880,1.792
5,forward,kick,21.2669,1401.00,1130,0.005636,0.000000,0.003949,1.792
5,forward,kick,21.2878,1401.00,1130,0.005636,0.000000,0.003949,1.792
5,forward,kick,21.3087,1401.00,1130,0.005636,0.000000,0.003949,1.792
5,forward,kick,21.3251,1401.00,1129,0.005636,0.000000,0.003949,1.792
5,forward,kick,21.3406,1401.00,1130,0.001304,-0.278950,0.002779,1.792
5,forward,kick,21.3616,1401.00,1130,0.001304,0.000000,0.002779,1.792
5,forward,kick,21.3825,1401.00,1130,0.001304,0.000000,0.002779,1.792
5,forward,kick,21.4034,1401.00,1130,0.001304,0.000000,0.002779,1.792
5,forward,kick,21.4242,1401.00,1130,0.001304,0.000000,0.002779,1.792
5,forward,kick,21.4260,1401.00,1129,0.001304,0.000000,0.002779,1.794
5,forward,kick,21.4372,1401.00,1130,0.007382,0.544006,0.005563,1.794
5,forward,kick,21.4582,1401.00,1130,0.007382,0.000000,0.005563,1.794
5,forward,kick,21.4791,1401.00,1130,0.007382,0.000000,0.005563,1.794
5,forward,kick,21.5000,1401.00,1130,0.007382,0.000000,0.005563,1.794
5,forward,kick,21.5209,1401.00,1130,0.007382,0.000000,0.005563,1.794
5,forward,kick,21.5262,1401.00,1129,0.007382,0.000000,0.005563,1.806
5,forward,kick,21.5384,1401.00,1130,0.015213,0.642918,0.009284,1.806
5,forward,kick,21.5594,1401.00,1130,0.015213,0.000000,0.009284,1.806
5,forward,kick,21.5803,1401.00,1130,0.015213,0.000000,0.009284,1.806
5,forward,kick,21.6013,1401.00,1130,0.015213,0.000000,0.009284,1.806
5,forward,kick,21.6223,1401.00,1130,0.015213,0.000000,0.009284,1.806
5,forward,kick,21.6268,1401.00,1129,0.015213,0.000000,0.009284,1.819
5,forward,kick,21.6479,1401.00,1130,0.015213,0.000000,0.009284,1.819
5,forward,kick,21.6512,1401.00,1130,0.057331,12.674925,0.027814,1.819
5,forward,sustain,21.6722,1405.00,1133,0.057331,0.000000,0.027814,1.819
5,forward,sustain,21.6931,1405.00,1133,0.057331,0.000000,0.027814,1.819
5,forward,sustain,21.7140,1405.00,1133,0.057331,0.000000,0.027814,1.819
5,forward,sustain,21.7272,1405.00,1133,0.057331,0.000000,0.027814,1.839
5,forward,sustain,21.7382,1405.00,1133,0.094947,3.407696,0.048646,1.839
5,forward,sustain,21.7592,1405.00,1133,0.094947,0.000000,0.048646,1.839
5,forward,sustain,21.7801,1405.00,1133,0.094947,0.000000,0.048646,1.839
5,forward,sustain,21.8010,1405.00,1134,0.094947,0.000000,0.048646,1.839
5,forward,sustain,21.8219,1405.00,1133,0.094947,0.000000,0.048646,1.839
5,forward,sustain,21.8278,1405.00,1133,0.094947,0.000000,0.048646,1.863
5,forward,sustain,21.8420,1405.00,1133,0.120254,1.783924,0.068352,1.863
5,forward,sustain,21.8630,1405.00,1133,0.120254,0.000000,0.068352,1.863
5,forward,sustain,21.8839,1405.00,1133,0.120254,0.000000,0.068352,1.863
5,forward,sustain,21.9048,1405.00,1133,0.120254,0.000000,0.068352,1.863
5,forward,sustain,21.9257,1405.00,1133,0.120254,0.000000,0.068352,1.888
5,forward,sustain,21.9375,1405.00,1133,0.161750,3.530629,0.097149,1.888
5,forward,sustain,21.9585,1405.00,1133,0.161750,0.000000,0.097149,1.888
5,forward,sustain,21.9795,1405.00,1133,0.161750,0.000000,0.097149,1.888
5,forward,sustain,22.0003,1405.00,1133,0.161750,0.000000,0.097149,1.888
5,forward,sustain,22.0212,1405.00,1133,0.161750,0.000000,0.097149,1.888
5,forward,sustain,22.0263,1405.00,1133,0.161750,0.000000,0.097149,1.923
5,forward,sustain,22.0474,1405.00,1133,0.161750,0.000000,0.097149,1.923
5,forward,sustain,22.0510,1405.00,1133,0.215689,14.658621,0.134133,1.923
5,forward,sustain,22.0720,1405.00,1134,0.215689,0.000000,0.134133,1.923
5,forward,sustain,22.0929,1405.00,1133,0.215689,0.000000,0.134133,1.923
5,forward,sustain,22.1138,1405.00,1133,0.215689,0.000000,0.134133,1.923
5,forward,sustain,22.1268,1405.00,1133,0.215689,0.000000,0.134133,1.958
5,forward,sustain,22.1404,1405.00,1133,0.250206,2.526620,0.169691,1.958
5,forward,sustain,22.1615,1405.00,1133,0.250206,0.000000,0.169691,1.958
5,forward,sustain,22.1824,1405.00,1133,0.250206,0.000000,0.169691,1.958
5,forward,sustain,22.2033,1405.00,1133,0.250206,0.000000,0.169691,1.958
5,forward,sustain,22.2242,1405.00,1133,0.250206,0.000000,0.169691,1.958
5,forward,sustain,22.2273,1405.00,1133,0.250206,0.000000,0.169691,1.995
5,forward,sustain,22.2462,1405.00,1133,0.290327,2.120728,0.210960,1.995
5,forward,sustain,22.2673,1405.00,1133,0.290327,0.000000,0.210960,1.995
5,forward,sustain,22.2882,1405.00,1133,0.290327,0.000000,0.210960,1.995
5,forward,sustain,22.3090,1405.00,1133,0.290327,0.000000,0.210960,1.995
5,forward,sustain,22.3276,1405.00,1133,0.290327,0.000000,0.210960,2.036
5,forward,sustain,22.3381,1405.00,1134,0.310093,1.885660,0.248072,2.036
5,forward,sustain,22.3593,1405.00,1133,0.310093,0.000000,0.248072,2.036
5,forward,sustain,22.3806,1405.00,1133,0.310093,0.000000,0.248072,2.036
5,forward,sustain,22.4016,1405.00,1133,0.310093,0.000000,0.248072,2.036
5,forward,sustain,22.4225,1405.00,1133,0.310093,0.000000,0.248072,2.036
5,forward,sustain,22.4261,1405.00,1133,0.310093,0.000000,0.248072,2.075
5,forward,sustain,22.4421,1405.00,1133,0.331159,1.318681,0.287645,2.075
5,forward,sustain,22.4631,1405.00,1133,0.331159,0.000000,0.287645,2.075
5,forward,sustain,22.4840,1405.00,1133,0.331159,0.000000,0.287645,2.075
5,forward,sustain,22.5049,1405.00,1133,0.331159,0.000000,0.287645,2.075
5,forward,sustain,22.5265,1405.00,1133,0.331159,0.000000,0.287645,2.115
5,forward,sustain,22.5344,1405.00,1133,0.355446,3.083386,0.329803,2.115
