trial,direction,elapsed_s,pulse_us,average_tick,signed_speed_mps,distance_m,clearance_m,result
1,forward,2.329,1420.00,1145.1667,0.005125,0.002171,1.659,continue
1,forward,2.631,1419.50,1144.7778,-0.001964,0.000995,1.660,continue
1,forward,2.951,1419.00,1144.3684,0.008128,0.002771,1.660,continue
1,forward,3.252,1418.50,1143.9412,-0.001869,0.002373,1.660,continue
1,forward,3.558,1418.00,1143.5556,-0.001990,0.001033,1.660,continue
1,forward,3.867,1417.50,1143.1176,-0.006808,0.003182,1.660,continue
1,forward,4.168,1417.00,1142.7647,-0.001586,0.003185,1.660,continue
1,forward,4.472,1416.50,1142.3333,0.000720,0.000885,1.658,continue
1,forward,4.786,1416.00,1141.9444,0.004111,0.001836,1.660,continue
1,forward,5.092,1415.50,1141.5263,0.007160,0.002734,1.660,continue
1,forward,5.392,1415.00,1141.1250,0.006874,0.002504,1.660,continue
1,forward,5.706,1414.50,1140.7368,0.001111,0.003192,1.659,continue
1,forward,6.027,1414.00,1140.3333,-0.000568,0.002030,1.660,continue
1,forward,6.345,1413.50,1139.8947,-0.001023,0.002600,1.661,continue
1,forward,6.655,1413.00,1139.5000,-0.003500,0.003901,1.661,continue
1,forward,6.968,1412.50,1139.1176,-0.003854,0.001495,1.660,continue
1,forward,7.271,1412.00,1138.7222,0.011208,0.007093,1.666,continue
1,forward,7.572,1411.50,1138.2941,0.002031,0.006179,1.665,continue
1,forward,7.879,1411.00,1137.8824,-0.006185,0.004301,1.664,continue
1,forward,8.186,1410.50,1137.5000,-0.008222,0.002777,1.666,continue
1,forward,8.487,1410.00,1137.1176,0.002894,0.005243,1.666,continue
1,forward,8.789,1409.50,1136.7059,0.002952,0.005781,1.665,continue
1,forward,9.099,1409.00,1136.2941,0.007976,0.007323,1.665,continue
1,forward,9.405,1408.50,1135.8824,0.008091,0.007945,1.666,continue
1,forward,9.722,1408.00,1135.5000,-0.008411,0.003817,1.666,continue
1,forward,10.024,1407.50,1135.0556,-0.002187,0.003917,1.665,continue
1,forward,10.342,1407.00,1134.6667,-0.003358,0.004889,1.666,continue
1,forward,10.652,1406.50,1134.2941,0.000885,0.006139,1.666,continue
1,forward,10.967,1406.00,1133.8889,0.000272,0.007405,1.666,continue
1,forward,11.275,1405.50,1133.4444,-0.006935,0.002986,1.666,continue
1,forward,11.586,1405.00,1133.0556,-0.000705,0.005211,1.666,continue
1,forward,11.887,1404.50,1132.6471,-0.005452,0.003228,1.666,continue
1,forward,12.196,1404.00,1132.2632,0.007551,0.006855,1.664,continue
1,forward,12.497,1403.50,1131.8824,0.013290,0.010207,1.665,continue
1,forward,12.801,1403.00,1131.4444,-0.013361,0.002402,1.664,continue
1,forward,13.104,1402.50,1131.0667,-0.000575,0.006105,1.666,continue
1,forward,13.419,1402.00,1130.6667,-0.008291,0.001958,1.665,continue
1,forward,13.739,1401.50,1130.2353,-0.006903,0.001702,1.665,continue
1,forward,14.052,1401.00,1129.8333,0.003291,0.005808,1.666,continue
1,forward,14.357,1400.50,1129.4118,0.001549,0.004907,1.666,continue
1,forward,14.675,1400.00,1129.0556,0.002889,0.005531,1.666,continue
1,forward,14.979,1399.50,1128.6111,0.002171,0.005514,1.665,continue
1,forward,15.282,1399.00,1128.2105,0.005023,0.006505,1.666,continue
1,forward,15.584,1398.50,1127.8125,0.001748,0.005724,1.666,continue
1,forward,15.886,1398.00,1127.4444,-0.000553,0.004566,1.670,continue
1,forward,16.008,1397.50,1127.0000,0.056872,0.028621,1.685,breakaway
2,reverse,18.331,1580.00,1274.1765,-0.003804,0.002041,1.356,continue
2,reverse,18.638,1580.50,1274.6111,-0.003154,0.001792,1.357,continue
2,reverse,18.958,1581.00,1275.0000,-0.006778,0.004064,1.357,continue
2,reverse,19.262,1581.50,1275.3889,-0.000990,0.003305,1.357,continue
2,reverse,19.580,1582.00,1275.8333,0.004152,0.001286,1.356,continue
2,reverse,19.881,1582.50,1276.2222,0.000732,0.002009,1.357,continue
2,reverse,20.188,1583.00,1276.6111,0.000358,0.001560,1.357,continue
2,reverse,20.488,1583.50,1277.0000,-0.004573,0.003981,1.357,continue
2,reverse,20.789,1584.00,1277.4444,0.000223,0.002334,1.356,continue
2,reverse,21.107,1584.50,1277.8421,0.007042,0.001027,1.357,continue
2,reverse,21.412,1585.00,1278.2222,0.000455,0.000934,1.357,continue
2,reverse,21.717,1585.50,1278.6111,0.000932,0.001978,1.357,continue
2,reverse,22.031,1586.00,1279.0556,-0.003674,0.002748,1.358,continue
2,reverse,22.352,1586.50,1279.4211,0.000309,0.000933,1.357,continue
2,reverse,22.654,1587.00,1279.8333,-0.003845,0.002408,1.356,continue
2,reverse,22.974,1587.50,1280.2632,-0.002806,0.002542,1.357,continue
2,reverse,23.277,1588.00,1280.6667,0.002878,0.001183,1.356,continue
2,reverse,23.586,1588.50,1281.0526,-0.001998,0.002313,1.357,continue
2,reverse,23.905,1589.00,1281.4737,-0.002701,0.002644,1.357,continue
2,reverse,24.207,1589.50,1281.8333,0.001848,0.001857,1.357,continue
2,reverse,24.528,1590.00,1282.2632,0.003578,0.001064,1.357,continue
2,reverse,24.848,1590.50,1282.6842,0.003772,0.001697,1.357,continue
2,reverse,25.152,1591.00,1283.0556,-0.002453,0.001286,1.357,continue
2,reverse,25.453,1591.50,1283.4375,0.000221,0.000874,1.357,continue
2,reverse,25.766,1592.00,1283.8824,0.000106,0.001061,1.358,continue
2,reverse,26.069,1592.50,1284.2632,0.001067,0.000791,1.356,continue
2,reverse,26.381,1593.00,1284.6842,-0.000383,0.001347,1.357,continue
2,reverse,26.702,1593.50,1285.1053,0.007100,0.002723,1.357,continue
2,reverse,27.002,1594.00,1285.4706,-0.003477,0.002395,1.357,continue
2,reverse,27.306,1594.50,1285.8889,-0.018009,0.008486,1.360,continue
2,reverse,27.623,1595.00,1286.2778,-0.032747,0.021977,1.376,continue
2,reverse,27.883,1595.50,1286.6875,-0.076524,0.051220,1.399,breakaway
3,reverse,30.225,1580.00,1274.1765,0.004146,0.001652,1.421,continue
3,reverse,30.545,1580.50,1274.5789,0.000502,0.002421,1.420,continue
3,reverse,30.849,1581.00,1275.0000,-0.008375,0.003192,1.421,continue
3,reverse,31.166,1581.50,1275.4118,-0.005609,0.003851,1.421,continue
3,reverse,31.483,1582.00,1275.8235,0.003857,0.003968,1.420,continue
3,reverse,31.801,1582.50,1276.2222,-0.000665,0.001418,1.421,continue
3,reverse,32.103,1583.00,1276.6000,0.000231,0.001399,1.421,continue
3,reverse,32.421,1583.50,1277.0000,-0.003088,0.003690,1.421,continue
3,reverse,32.741,1584.00,1277.4211,0.001274,0.002829,1.421,continue
3,reverse,33.049,1584.50,1277.8333,0.004123,0.001023,1.421,continue
3,reverse,33.349,1585.00,1278.2353,0.003605,0.001427,1.420,continue
3,reverse,33.664,1585.50,1278.6471,-0.006275,0.004410,1.420,continue
3,reverse,33.965,1586.00,1279.0588,-0.006052,0.004287,1.421,continue
3,reverse,34.277,1586.50,1279.4118,0.010666,0.002125,1.421,continue
3,reverse,34.594,1587.00,1279.8421,-0.006411,0.002785,1.421,continue
3,reverse,34.910,1587.50,1280.2222,-0.007960,0.003191,1.421,continue
3,reverse,35.221,1588.00,1280.6667,0.008964,0.004249,1.420,continue
3,reverse,35.534,1588.50,1281.0526,-0.008257,0.004257,1.421,continue
3,reverse,35.837,1589.00,1281.4444,0.001769,0.001564,1.421,continue
3,reverse,36.138,1589.50,1281.8824,0.006978,0.003686,1.422,continue
3,reverse,36.440,1590.00,1282.2778,-0.003098,0.003230,1.421,continue
3,reverse,36.740,1590.50,1282.6471,-0.005782,0.002649,1.421,continue
3,reverse,37.057,1591.00,1283.0556,0.006355,0.003627,1.421,continue
3,reverse,37.361,1591.50,1283.4444,-0.008811,0.002857,1.421,continue
3,reverse,37.662,1592.00,1283.8750,0.006206,0.003101,1.419,continue
3,reverse,37.976,1592.50,1284.2632,-0.004483,0.001486,1.420,continue
3,reverse,38.297,1593.00,1284.6667,0.005950,0.002436,1.421,continue
3,reverse,38.610,1593.50,1285.0588,-0.006602,0.003698,1.420,continue
3,reverse,38.918,1594.00,1285.4706,-0.005776,0.004010,1.420,continue
3,reverse,39.235,1594.50,1285.8889,0.006274,0.002625,1.421,continue
3,reverse,39.535,1595.00,1286.2941,-0.001784,0.002742,1.421,continue
3,reverse,39.855,1595.50,1286.6667,0.003777,0.003327,1.420,continue
3,reverse,40.155,1596.00,1287.1111,-0.002364,0.001695,1.421,continue
3,reverse,40.457,1596.50,1287.5263,0.006150,0.004099,1.420,continue
3,reverse,40.759,1597.00,1287.8889,-0.016379,0.004704,1.420,continue
3,reverse,41.070,1597.50,1288.2941,-0.008969,0.002726,1.421,continue
3,reverse,41.378,1598.00,1288.6875,0.005296,0.003276,1.421,continue
3,reverse,41.684,1598.50,1289.1111,-0.005934,0.002783,1.419,continue
3,reverse,41.990,1599.00,1289.5000,-0.001932,0.001393,1.420,continue
3,reverse,42.307,1599.50,1289.9444,-0.012412,0.004130,1.421,continue
3,reverse,42.608,1600.00,1290.2941,0.002251,0.000882,1.421,continue
3,reverse,42.910,1600.50,1290.7222,0.004723,0.002822,1.420,continue
3,reverse,43.212,1601.00,1291.1250,-0.008353,0.004452,1.421,continue
3,reverse,43.531,1601.50,1291.5556,0.002567,0.003260,1.420,continue
3,reverse,43.849,1602.00,1291.9444,-0.011725,0.006667,1.420,continue
3,reverse,44.151,1602.50,1292.3158,0.005037,0.002597,1.420,continue
3,reverse,44.453,1603.00,1292.7500,-0.004384,0.002354,1.421,continue
3,reverse,44.761,1603.50,1293.1667,-0.001712,0.000539,1.422,continue
3,reverse,45.064,1604.00,1293.5556,0.005750,0.003288,1.421,continue
3,reverse,45.385,1604.50,1293.9444,0.009149,0.004606,1.419,continue
3,reverse,45.694,1605.00,1294.3333,0.004961,0.002513,1.421,continue
3,reverse,46.006,1605.50,1294.7647,-0.003779,0.003073,1.421,continue
3,reverse,46.327,1606.00,1295.1667,-0.003587,0.002275,1.421,continue
3,reverse,46.628,1606.50,1295.5556,-0.000479,0.000578,1.421,continue
3,reverse,46.935,1607.00,1295.9412,0.004499,0.002094,1.420,continue
3,reverse,47.248,1607.50,1296.3889,-0.010284,0.004755,1.421,continue
3,reverse,47.549,1608.00,1296.7500,-0.005288,0.003599,1.421,continue
3,reverse,47.857,1608.50,1297.1667,0.002676,0.000547,1.421,continue
3,reverse,48.163,1609.00,1297.5882,0.004279,0.001365,1.421,continue
3,reverse,48.482,1609.50,1298.0000,-0.000261,0.002647,1.421,continue
3,reverse,48.674,1610.00,1298.3636,-0.061446,0.026577,1.438,breakaway
4,forward,51.001,1420.00,1145.1765,0.004706,0.002630,1.610,continue
4,forward,51.315,1419.50,1144.7368,0.001033,0.002046,1.610,continue
4,forward,51.616,1419.00,1144.3333,-0.000111,0.002579,1.609,continue
4,forward,51.926,1418.50,1143.9444,0.003926,0.003483,1.610,continue
4,forward,52.245,1418.00,1143.5556,-0.010098,0.003501,1.610,continue
4,forward,52.548,1417.50,1143.1579,0.004709,0.005017,1.610,continue
4,forward,52.866,1417.00,1142.7222,-0.010616,0.000905,1.610,continue
4,forward,53.181,1416.50,1142.3333,0.002531,0.003678,1.610,continue
4,forward,53.491,1416.00,1141.9412,-0.010614,0.002585,1.610,continue
4,forward,53.793,1415.50,1141.5294,0.002442,0.002242,1.610,continue
4,forward,54.113,1415.00,1141.1111,-0.006296,0.000233,1.610,continue
4,forward,54.434,1414.50,1140.7368,0.004697,0.004407,1.610,continue
4,forward,54.742,1414.00,1140.3158,-0.004433,0.002042,1.610,continue
4,forward,55.058,1413.50,1139.9444,-0.000577,0.002694,1.610,continue
4,forward,55.373,1413.00,1139.5000,-0.002692,0.002617,1.609,continue
4,forward,55.677,1412.50,1139.1111,0.002682,0.004906,1.610,continue
4,forward,55.994,1412.00,1138.7222,-0.012432,0.002450,1.609,continue
4,forward,56.299,1411.50,1138.3333,0.003420,0.003377,1.609,continue
4,forward,56.604,1411.00,1137.8824,-0.001507,0.002137,1.610,continue
4,forward,56.919,1410.50,1137.5000,0.003698,0.004264,1.610,continue
4,forward,57.221,1410.00,1137.1176,-0.001110,0.002723,1.610,continue
4,forward,57.522,1409.50,1136.7059,0.005506,0.004987,1.610,continue
4,forward,57.840,1409.00,1136.2941,0.002038,0.004988,1.610,continue
4,forward,58.153,1408.50,1135.8889,-0.001758,0.003088,1.610,continue
4,forward,58.454,1408.00,1135.5000,0.002799,0.003970,1.609,continue
4,forward,58.773,1407.50,1135.0556,-0.005054,0.002705,1.609,continue
4,forward,59.093,1407.00,1134.6842,0.000548,0.003782,1.610,continue
4,forward,59.413,1406.50,1134.2632,-0.001180,0.002508,1.610,continue
4,forward,59.715,1406.00,1133.8889,0.003557,0.003089,1.610,continue
4,forward,60.019,1405.50,1133.4444,0.024515,0.013602,1.618,continue
4,forward,60.047,1405.00,1133.0000,0.051681,0.026784,1.634,breakaway
5,forward,62.385,1420.00,1145.1875,0.016677,0.008341,1.667,continue
5,forward,62.690,1419.50,1144.7778,-0.001657,0.004667,1.666,continue
5,forward,63.009,1419.00,1144.3529,0.010784,0.009499,1.667,continue
5,forward,63.310,1418.50,1143.9412,0.012364,0.010908,1.666,continue
5,forward,63.626,1418.00,1143.5294,0.006691,0.009908,1.666,continue
5,forward,63.930,1417.50,1143.1176,-0.004665,0.004669,1.667,continue
5,forward,64.234,1417.00,1142.7368,0.002140,0.006071,1.667,continue
5,forward,64.550,1416.50,1142.3529,0.000838,0.005316,1.667,continue
5,forward,64.854,1416.00,1141.9412,0.004499,0.006877,1.668,continue
5,forward,65.171,1415.50,1141.5556,0.006892,0.008205,1.667,continue
5,forward,65.484,1415.00,1141.1111,-0.003071,0.006391,1.667,continue
5,forward,65.801,1414.50,1140.7222,-0.002683,0.004785,1.666,continue
5,forward,66.113,1414.00,1140.3333,0.012441,0.010705,1.666,continue
5,forward,66.426,1413.50,1139.9444,-0.005043,0.006052,1.667,continue
5,forward,66.728,1413.00,1139.5294,-0.004545,0.005149,1.667,continue
5,forward,67.034,1412.50,1139.1053,-0.003448,0.006243,1.668,continue
5,forward,67.351,1412.00,1138.6842,-0.000442,0.007262,1.666,continue
5,forward,67.668,1411.50,1138.2941,-0.002665,0.005574,1.667,continue
5,forward,67.976,1411.00,1137.8889,0.002739,0.007947,1.667,continue
5,forward,68.286,1410.50,1137.5294,0.004104,0.008561,1.667,continue
5,forward,68.600,1410.00,1137.1176,0.008834,0.009751,1.666,continue
5,forward,68.901,1409.50,1136.7059,-0.005881,0.005101,1.668,continue
5,forward,69.221,1409.00,1136.2778,0.002957,0.007729,1.668,continue
5,forward,69.529,1408.50,1135.8824,0.004734,0.007758,1.667,continue
5,forward,69.831,1408.00,1135.5000,-0.004547,0.004540,1.667,continue
5,forward,70.148,1407.50,1135.0556,0.003014,0.007843,1.667,continue
5,forward,70.461,1407.00,1134.7059,0.000616,0.006654,1.665,continue
5,forward,70.774,1406.50,1134.2632,-0.002037,0.006608,1.667,continue
5,forward,71.080,1406.00,1133.8889,-0.005844,0.005010,1.667,continue
5,forward,71.395,1405.50,1133.4737,0.003930,0.008106,1.667,continue
5,forward,71.635,1405.00,1133.0667,0.085052,0.046201,1.700,breakaway
6,reverse,73.958,1580.00,1274.2105,-0.009962,0.004701,1.355,continue
6,reverse,74.281,1580.50,1274.5882,-0.007103,0.005248,1.356,continue
6,reverse,74.598,1581.00,1275.0000,-0.002502,0.004999,1.356,continue
6,reverse,74.918,1581.50,1275.3889,0.000145,0.004697,1.355,continue
6,reverse,75.220,1582.00,1275.8333,0.000455,0.004429,1.355,continue
6,reverse,75.522,1582.50,1276.2353,0.007267,0.001688,1.357,continue
6,reverse,75.833,1583.00,1276.6316,0.003469,0.002868,1.356,continue
6,reverse,76.152,1583.50,1277.0000,-0.002693,0.005339,1.356,continue
6,reverse,76.471,1584.00,1277.4444,-0.005359,0.007039,1.356,continue
6,reverse,76.774,1584.50,1277.8235,0.001311,0.004247,1.356,continue
6,reverse,77.078,1585.00,1278.2353,0.002019,0.002850,1.356,continue
6,reverse,77.399,1585.50,1278.6316,-0.002853,0.004886,1.355,continue
6,reverse,77.720,1586.00,1279.0588,-0.002533,0.005125,1.356,continue
6,reverse,78.035,1586.50,1279.4444,0.000525,0.004123,1.355,continue
6,reverse,78.353,1587.00,1279.8235,-0.001170,0.004402,1.356,continue
6,reverse,78.672,1587.50,1280.2632,0.000985,0.004028,1.356,continue
6,reverse,78.976,1588.00,1280.6471,0.002130,0.003763,1.356,continue
6,reverse,79.278,1588.50,1281.0588,0.002704,0.003595,1.356,continue
6,reverse,79.590,1589.00,1281.4444,0.002168,0.003151,1.356,continue
6,reverse,79.910,1589.50,1281.8421,0.000130,0.003621,1.355,continue
6,reverse,80.212,1590.00,1282.2778,-0.000359,0.003501,1.356,continue
6,reverse,80.517,1590.50,1282.6667,-0.001749,0.004307,1.356,continue
6,reverse,80.818,1591.00,1283.0556,0.001129,0.003190,1.356,continue
6,reverse,81.135,1591.50,1283.4737,0.006443,0.001595,1.356,continue
6,reverse,81.453,1592.00,1283.8889,-0.005426,0.007274,1.356,continue
6,reverse,81.774,1592.50,1284.2941,0.004818,0.003803,1.356,continue
6,reverse,82.077,1593.00,1284.6667,-0.004329,0.006479,1.355,continue
6,reverse,82.388,1593.50,1285.0556,0.005958,0.003131,1.356,continue
6,reverse,82.691,1594.00,1285.5000,0.002875,0.003025,1.356,continue
6,reverse,82.995,1594.50,1285.8824,-0.020281,0.012879,1.361,continue
6,reverse,83.314,1595.00,1286.2778,-0.021319,0.020118,1.370,continue
6,reverse,83.622,1595.50,1286.6842,-0.016172,0.025204,1.375,continue
6,reverse,83.943,1596.00,1287.1111,-0.004666,0.024389,1.375,continue
6,reverse,84.249,1596.50,1287.5000,-0.006393,0.025811,1.375,continue
6,reverse,84.550,1597.00,1287.8750,0.004576,0.022006,1.375,continue
6,reverse,84.855,1597.50,1288.3125,0.007759,0.020689,1.375,continue
6,reverse,85.172,1598.00,1288.7222,-0.003243,0.024748,1.375,continue
6,reverse,85.475,1598.50,1289.1250,0.006878,0.021576,1.375,continue
6,reverse,85.794,1599.00,1289.5000,0.002065,0.023622,1.375,continue
6,reverse,86.100,1599.50,1289.9444,-0.002298,0.024332,1.375,continue
6,reverse,86.410,1600.00,1290.2941,-0.000925,0.024242,1.376,continue
6,reverse,86.712,1600.50,1290.7222,0.001958,0.023141,1.376,continue
6,reverse,87.032,1601.00,1291.1111,-0.003101,0.024500,1.375,continue
6,reverse,87.352,1601.50,1291.5625,-0.004946,0.024522,1.376,continue
6,reverse,87.661,1602.00,1291.9444,-0.001857,0.024918,1.375,continue
6,reverse,87.973,1602.50,1292.3333,0.008762,0.021277,1.375,continue
6,reverse,88.282,1603.00,1292.7222,-0.001217,0.024292,1.375,continue
6,reverse,88.587,1603.50,1293.1667,-0.000081,0.024005,1.375,continue
6,reverse,88.890,1604.00,1293.5294,0.006277,0.021799,1.375,continue
6,reverse,89.206,1604.50,1293.9412,0.003143,0.021619,1.375,continue
6,reverse,89.506,1605.00,1294.3529,0.000735,0.023191,1.375,continue
6,reverse,89.808,1605.50,1294.7647,-0.006362,0.025923,1.375,continue
6,reverse,90.122,1606.00,1295.1579,0.002770,0.023221,1.374,continue
6,reverse,90.441,1606.50,1295.5556,0.003839,0.023052,1.375,continue
6,reverse,90.761,1607.00,1295.9444,-0.002813,0.025591,1.375,continue
6,reverse,91.068,1607.50,1296.3529,-0.033097,0.038300,1.382,continue
6,reverse,91.117,1608.00,1296.6667,-0.063248,0.053308,1.393,breakaway
