condition,leg,elapsed_s,phase,target_speed_mps,vehicle_direction,steering_pulse_us,steering_tick,approach_direction,prior_steering_pulse_us,esc_pulse_us,esc_tick,fresh_odom,tf_stamp,x_m,y_m,yaw_rad,measured_speed_mps,increment_ds_m,increment_dyaw_rad,instant_curvature_1pm,effective_angle_rad,leg_motion_m,settled_signed_distance_m,settled_heading_change_rad,front_clearance_m,rear_clearance_m
1,1,4.3506,startup,0.2000,forward,1500.000,1210,increasing,1470.000,1423.384,1148,0,1783738409.783358812,-0.259007,-0.020705,0.145332,-0.001258,,,,,0.000000,0.000000,0.000000,0.689,1.283
1,1,4.3716,startup,0.2000,forward,1500.000,1210,increasing,1470.000,1423.384,1148,0,1783738409.783358812,-0.259007,-0.020705,0.145332,-0.001258,,,,,0.000000,0.000000,0.000000,0.689,1.283
1,1,4.3926,startup,0.2000,forward,1500.000,1210,increasing,1470.000,1423.384,1148,0,1783738409.783358812,-0.259007,-0.020705,0.145332,-0.001258,,,,,0.000000,0.000000,0.000000,0.688,1.283
1,1,4.4060,startup,0.2000,forward,1500.000,1210,increasing,1470.000,1422.144,1147,1,1783738409.884160995,-0.257489,-0.020275,0.146039,0.002938,0.0015650,0.0007067,0.4515755,0.1246624,0.001565,0.000000,0.000000,0.688,1.283
1,1,4.4183,startup,0.2000,forward,1500.000,1210,increasing,1470.000,1422.144,1147,0,1783738409.884160995,-0.257489,-0.020275,0.146039,0.002938,,,,,0.001565,0.000000,0.000000,0.688,1.283
1,1,4.4394,startup,0.2000,forward,1500.000,1210,increasing,1470.000,1422.144,1147,0,1783738409.884160995,-0.257489,-0.020275,0.146039,0.002938,,,,,0.001565,0.000000,0.000000,0.688,1.283
1,1,4.4604,startup,0.2000,forward,1500.000,1210,increasing,1470.000,1422.144,1147,0,1783738409.884160995,-0.257489,-0.020275,0.146039,0.002938,,,,,0.001565,0.000000,0.000000,0.688,1.283
1,1,4.4813,startup,0.2000,forward,1500.000,1210,increasing,1470.000,1422.144,1147,0,1783738409.884160995,-0.257489,-0.020275,0.146039,0.002938,,,,,0.001565,0.000000,0.000000,0.688,1.283
1,1,4.5024,startup,0.2000,forward,1500.000,1210,increasing,1470.000,1422.144,1147,0,1783738409.884160995,-0.257489,-0.020275,0.146039,0.002938,,,,,0.001565,0.000000,0.000000,0.689,1.285
1,1,4.5043,startup,0.2000,forward,1500.000,1210,increasing,1470.000,1420.904,1146,1,1783738409.984067917,-0.257843,-0.022914,0.147506,0.000359,-0.0007371,0.0014673,-1.9907138,-0.5047016,0.002302,0.000000,0.000000,0.689,1.285
1,1,4.5205,startup,0.2000,forward,1500.000,1210,increasing,1470.000,1420.904,1146,0,1783738409.984067917,-0.257843,-0.022914,0.147506,0.000359,,,,,0.002302,0.000000,0.000000,0.689,1.285
1,1,4.5415,startup,0.2000,forward,1500.000,1210,increasing,1470.000,1420.904,1146,0,1783738409.984067917,-0.257843,-0.022914,0.147506,0.000359,,,,,0.002302,0.000000,0.000000,0.689,1.285
1,1,4.5624,startup,0.2000,forward,1500.000,1210,increasing,1470.000,1420.904,1146,0,1783738409.984067917,-0.257843,-0.022914,0.147506,0.000359,,,,,0.002302,0.000000,0.000000,0.689,1.285
1,1,4.5833,startup,0.2000,forward,1500.000,1210,increasing,1470.000,1420.904,1146,0,1783738409.984067917,-0.257843,-0.022914,0.147506,0.000359,,,,,0.002302,0.000000,0.000000,0.692,1.281
1,1,4.6045,startup,0.2000,forward,1500.000,1210,increasing,1470.000,1419.664,1145,1,1783738410.082032919,-0.251453,-0.023189,0.146907,0.016298,0.0062812,-0.0005993,-0.0954120,-0.0264707,0.008583,0.000000,0.000000,0.692,1.281
1,1,4.6189,startup,0.2000,forward,1500.000,1210,increasing,1470.000,1419.664,1145,0,1783738410.082032919,-0.251453,-0.023189,0.146907,0.016298,,,,,0.008583,0.000000,0.000000,0.692,1.281
1,1,4.6399,startup,0.2000,forward,1500.000,1210,increasing,1470.000,1419.664,1145,0,1783738410.082032919,-0.251453,-0.023189,0.146907,0.016298,,,,,0.008583,0.000000,0.000000,0.692,1.281
1,1,4.6609,startup,0.2000,forward,1500.000,1210,increasing,1470.000,1419.664,1145,0,1783738410.082032919,-0.251453,-0.023189,0.146907,0.016298,,,,,0.008583,0.000000,0.000000,0.692,1.281
1,1,4.6819,startup,0.2000,forward,1500.000,1210,increasing,1470.000,1419.664,1145,0,1783738410.082032919,-0.251453,-0.023189,0.146907,0.016298,,,,,0.008583,0.000000,0.000000,0.692,1.281
1,1,4.7028,startup,0.2000,forward,1500.000,1210,increasing,1470.000,1419.664,1145,0,1783738410.082032919,-0.251453,-0.023189,0.146907,0.016298,,,,,0.008583,0.000000,0.000000,0.693,1.280
1,1,4.7051,startup,0.2000,forward,1500.000,1210,increasing,1470.000,1418.424,1144,1,1783738410.182421207,-0.252178,-0.022267,0.146699,0.010773,-0.0005826,-0.0002080,0.3569690,0.0987368,0.009166,0.000000,0.000000,0.693,1.280
1,1,4.7157,startup,0.2000,forward,1500.000,1210,increasing,1470.000,1418.424,1144,0,1783738410.182421207,-0.252178,-0.022267,0.146699,0.010773,,,,,0.009166,0.000000,0.000000,0.693,1.280
1,1,4.7368,startup,0.2000,forward,1500.000,1210,increasing,1470.000,1418.424,1144,0,1783738410.182421207,-0.252178,-0.022267,0.146699,0.010773,,,,,0.009166,0.000000,0.000000,0.693,1.280
1,1,4.7577,startup,0.2000,forward,1500.000,1210,increasing,1470.000,1418.424,1144,0,1783738410.182421207,-0.252178,-0.022267,0.146699,0.010773,,,,,0.009166,0.000000,0.000000,0.693,1.280
1,1,4.7787,startup,0.2000,forward,1500.000,1210,increasing,1470.000,1418.424,1144,0,1783738410.182421207,-0.252178,-0.022267,0.146699,0.010773,,,,,0.009166,0.000000,0.000000,0.693,1.280
1,1,4.7996,startup,0.2000,forward,1500.000,1210,increasing,1470.000,1418.424,1144,0,1783738410.182421207,-0.252178,-0.022267,0.146699,0.010773,,,,,0.009166,0.000000,0.000000,0.693,1.283
1,1,4.8058,startup,0.2000,forward,1500.000,1210,increasing,1470.000,1415.324,1141,1,1783738410.283113241,-0.253441,-0.023379,0.146890,0.004574,-0.0014121,0.0001909,-0.1352156,-0.0375047,0.010578,0.000000,0.000000,0.693,1.283
1,1,4.8173,startup,0.2000,forward,1500.000,1210,increasing,1470.000,1415.324,1141,0,1783738410.283113241,-0.253441,-0.023379,0.146890,0.004574,,,,,0.010578,0.000000,0.000000,0.693,1.283
1,1,4.8384,startup,0.2000,forward,1500.000,1210,increasing,1470.000,1415.324,1141,0,1783738410.283113241,-0.253441,-0.023379,0.146890,0.004574,,,,,0.010578,0.000000,0.000000,0.693,1.283
1,1,4.8593,startup,0.2000,forward,1500.000,1210,increasing,1470.000,1415.324,1141,0,1783738410.283113241,-0.253441,-0.023379,0.146890,0.004574,,,,,0.010578,0.000000,0.000000,0.693,1.283
1,1,4.8804,startup,0.2000,forward,1500.000,1210,increasing,1470.000,1415.324,1141,0,1783738410.283113241,-0.253441,-0.023379,0.146890,0.004574,,,,,0.010578,0.000000,0.000000,0.693,1.283
1,1,4.9014,startup,0.2000,forward,1500.000,1210,increasing,1470.000,1415.324,1141,0,1783738410.283113241,-0.253441,-0.023379,0.146890,0.004574,,,,,0.010578,0.000000,0.000000,0.692,1.278
1,1,4.9041,startup,0.2000,forward,1500.000,1210,increasing,1470.000,1412.224,1139,1,1783738410.383810520,-0.253333,-0.025842,0.148567,0.002795,-0.0002560,0.0016771,-6.5523597,-1.0679759,0.010834,0.000000,0.000000,0.692,1.278
1,1,4.9121,startup,0.2000,forward,1500.000,1210,increasing,1470.000,1412.224,1139,0,1783738410.383810520,-0.253333,-0.025842,0.148567,0.002795,,,,,0.010834,0.000000,0.000000,0.692,1.278
1,1,4.9333,startup,0.2000,forward,1500.000,1210,increasing,1470.000,1412.224,1139,0,1783738410.383810520,-0.253333,-0.025842,0.148567,0.002795,,,,,0.010834,0.000000,0.000000,0.692,1.278
1,1,4.9543,startup,0.2000,forward,1500.000,1210,increasing,1470.000,1412.224,1139,0,1783738410.383810520,-0.253333,-0.025842,0.148567,0.002795,,,,,0.010834,0.000000,0.000000,0.692,1.278
1,1,4.9753,startup,0.2000,forward,1500.000,1210,increasing,1470.000,1412.224,1139,0,1783738410.383810520,-0.253333,-0.025842,0.148567,0.002795,,,,,0.010834,0.000000,0.000000,0.692,1.278
1,1,4.9963,startup,0.2000,forward,1500.000,1210,increasing,1470.000,1412.224,1139,0,1783738410.383810520,-0.253333,-0.025842,0.148567,0.002795,,,,,0.010834,0.000000,0.000000,0.691,1.280
1,1,5.0045,startup,0.2000,forward,1500.000,1210,increasing,1470.000,1409.124,1136,1,1783738410.481836796,-0.252295,-0.027780,0.149210,0.003981,0.0007390,0.0006427,0.8696022,0.2367876,0.011573,0.000000,0.000000,0.691,1.280
1,1,5.0151,startup,0.2000,forward,1500.000,1210,increasing,1470.000,1409.124,1136,0,1783738410.481836796,-0.252295,-0.027780,0.149210,0.003981,,,,,0.011573,0.000000,0.000000,0.691,1.280
1,1,5.0362,startup,0.2000,forward,1500.000,1210,increasing,1470.000,1409.124,1136,0,1783738410.481836796,-0.252295,-0.027780,0.149210,0.003981,,,,,0.011573,0.000000,0.000000,0.691,1.280
1,1,5.0573,startup,0.2000,forward,1500.000,1210,increasing,1470.000,1409.124,1136,0,1783738410.481836796,-0.252295,-0.027780,0.149210,0.003981,,,,,0.011573,0.000000,0.000000,0.691,1.280
1,1,5.0783,startup,0.2000,forward,1500.000,1210,increasing,1470.000,1409.124,1136,0,1783738410.481836796,-0.252295,-0.027780,0.149210,0.003981,,,,,0.011573,0.000000,0.000000,0.691,1.280
1,1,5.0992,startup,0.2000,forward,1500.000,1210,increasing,1470.000,1409.124,1136,0,1783738410.481836796,-0.252295,-0.027780,0.149210,0.003981,,,,,0.011573,0.000000,0.000000,0.692,1.280
1,1,5.1047,startup,0.2000,forward,1500.000,1210,increasing,1470.000,1406.024,1134,1,1783738410.582539558,-0.253577,-0.027272,0.148654,0.000027,-0.0011919,-0.0005556,0.4661644,0.1286462,0.012765,0.000000,0.000000,0.692,1.280
1,1,5.1207,startup,0.2000,forward,1500.000,1210,increasing,1470.000,1406.024,1134,0,1783738410.582539558,-0.253577,-0.027272,0.148654,0.000027,,,,,0.012765,0.000000,0.000000,0.692,1.280
1,1,5.1418,startup,0.2000,forward,1500.000,1210,increasing,1470.000,1406.024,1134,0,1783738410.582539558,-0.253577,-0.027272,0.148654,0.000027,,,,,0.012765,0.000000,0.000000,0.692,1.280
1,1,5.1628,startup,0.2000,forward,1500.000,1210,increasing,1470.000,1406.024,1134,0,1783738410.582539558,-0.253577,-0.027272,0.148654,0.000027,,,,,0.012765,0.000000,0.000000,0.692,1.280
1,1,5.1838,startup,0.2000,forward,1500.000,1210,increasing,1470.000,1406.024,1134,0,1783738410.582539558,-0.253577,-0.027272,0.148654,0.000027,,,,,0.012765,0.000000,0.000000,0.694,1.278
1,1,5.2029,startup,0.2000,forward,1500.000,1210,increasing,1470.000,1402.924,1131,1,1783738410.682715893,-0.253976,-0.025871,0.148411,-0.000449,-0.0001878,-0.0002431,1.2942722,0.3448122,0.012953,0.000000,0.000000,0.694,1.278
1,1,5.2104,startup,0.2000,forward,1500.000,1210,increasing,1470.000,1402.924,1131,0,1783738410.682715893,-0.253976,-0.025871,0.148411,-0.000449,,,,,0.012953,0.000000,0.000000,0.694,1.278
1,1,5.2314,startup,0.2000,forward,1500.000,1210,increasing,1470.000,1402.924,1131,0,1783738410.682715893,-0.253976,-0.025871,0.148411,-0.000449,,,,,0.012953,0.000000,0.000000,0.694,1.278
1,1,5.2523,startup,0.2000,forward,1500.000,1210,increasing,1470.000,1402.924,1131,0,1783738410.682715893,-0.253976,-0.025871,0.148411,-0.000449,,,,,0.012953,0.000000,0.000000,0.694,1.278
1,1,5.2732,startup,0.2000,forward,1500.000,1210,increasing,1470.000,1402.924,1131,0,1783738410.682715893,-0.253976,-0.025871,0.148411,-0.000449,,,,,0.012953,0.000000,0.000000,0.694,1.278
1,1,5.2942,startup,0.2000,forward,1500.000,1210,increasing,1470.000,1402.924,1131,0,1783738410.682715893,-0.253976,-0.025871,0.148411,-0.000449,,,,,0.012953,0.000000,0.000000,0.695,1.281
1,1,5.3033,startup,0.2000,forward,1500.000,1210,increasing,1470.000,1399.824,1129,1,1783738410.780939817,-0.250929,-0.025133,0.148270,0.007612,0.0031231,-0.0001412,-0.0452265,-0.0125497,0.016076,0.000000,0.000000,0.695,1.281
1,1,5.3174,startup,0.2000,forward,1500.000,1210,increasing,1470.000,1399.824,1129,0,1783738410.780939817,-0.250929,-0.025133,0.148270,0.007612,,,,,0.016076,0.000000,0.000000,0.695,1.281
1,1,5.3384,startup,0.2000,forward,1500.000,1210,increasing,1470.000,1399.824,1129,0,1783738410.780939817,-0.250929,-0.025133,0.148270,0.007612,,,,,0.016076,0.000000,0.000000,0.695,1.281
1,1,5.3594,startup,0.2000,forward,1500.000,1210,increasing,1470.000,1399.824,1129,0,1783738410.780939817,-0.250929,-0.025133,0.148270,0.007612,,,,,0.016076,0.000000,0.000000,0.695,1.281
1,1,5.3802,startup,0.2000,forward,1500.000,1210,increasing,1470.000,1399.824,1129,0,1783738410.780939817,-0.250929,-0.025133,0.148270,0.007612,,,,,0.016076,0.000000,0.000000,0.695,1.281
1,1,5.4011,startup,0.2000,forward,1500.000,1210,increasing,1470.000,1399.824,1129,0,1783738410.780939817,-0.250929,-0.025133,0.148270,0.007612,,,,,0.016076,0.000000,0.000000,0.706,1.270
1,1,5.4039,startup,0.2000,forward,1500.000,1210,increasing,1470.000,1396.724,1126,1,1783738410.881375074,-0.240216,-0.021501,0.146567,0.033414,0.0111302,-0.0017031,-0.1530193,-0.0424374,0.027206,0.000000,0.000000,0.706,1.270
1,1,5.4191,startup,0.2000,forward,1500.000,1210,increasing,1470.000,1396.724,1126,0,1783738410.881375074,-0.240216,-0.021501,0.146567,0.033414,,,,,0.027206,0.000000,0.000000,0.706,1.270
1,1,5.4403,startup,0.2000,forward,1500.000,1210,increasing,1470.000,1396.724,1126,0,1783738410.881375074,-0.240216,-0.021501,0.146567,0.033414,,,,,0.027206,0.000000,0.000000,0.706,1.270
1,1,5.4612,startup,0.2000,forward,1500.000,1210,increasing,1470.000,1396.724,1126,0,1783738410.881375074,-0.240216,-0.021501,0.146567,0.033414,,,,,0.027206,0.000000,0.000000,0.706,1.270
1,1,5.4821,startup,0.2000,forward,1500.000,1210,increasing,1470.000,1396.724,1126,0,1783738410.881375074,-0.240216,-0.021501,0.146567,0.033414,,,,,0.027206,0.000000,0.000000,0.726,1.257
1,1,5.5016,startup,0.2000,forward,1500.000,1210,increasing,1470.000,1393.624,1124,1,1783738410.981940746,-0.217979,-0.018520,0.147063,0.080828,0.0224332,0.0004963,0.0221241,0.0061394,0.049639,0.000000,0.000000,0.726,1.257
1,1,5.5157,startup,0.2000,forward,1500.000,1210,increasing,1470.000,1393.624,1124,0,1783738410.981940746,-0.217979,-0.018520,0.147063,0.080828,,,,,0.049639,0.000000,0.000000,0.726,1.257
1,1,5.5367,startup,0.2000,forward,1500.000,1210,increasing,1470.000,1393.624,1124,0,1783738410.981940746,-0.217979,-0.018520,0.147063,0.080828,,,,,0.049639,0.000000,0.000000,0.726,1.257
1,1,5.5576,startup,0.2000,forward,1500.000,1210,increasing,1470.000,1393.624,1124,0,1783738410.981940746,-0.217979,-0.018520,0.147063,0.080828,,,,,0.049639,0.000000,0.000000,0.726,1.257
1,1,5.5785,startup,0.2000,forward,1500.000,1210,increasing,1470.000,1393.624,1124,0,1783738410.981940746,-0.217979,-0.018520,0.147063,0.080828,,,,,0.049639,0.000000,0.000000,0.726,1.257
1,1,5.5994,startup,0.2000,forward,1500.000,1210,increasing,1470.000,1393.624,1124,0,1783738410.981940746,-0.217979,-0.018520,0.147063,0.080828,,,,,0.049639,0.000000,0.000000,0.758,1.235
1,1,5.6028,startup,0.2000,forward,1500.000,1210,increasing,1470.000,1390.524,1121,1,1783738411.079838037,-0.186418,-0.013649,0.149051,0.142172,0.0319345,0.0019881,0.0622562,0.0172744,0.081574,0.000000,0.000000,0.758,1.235
1,1,5.6204,startup,0.2000,forward,1500.000,1210,increasing,1470.000,1390.524,1121,0,1783738411.079838037,-0.186418,-0.013649,0.149051,0.142172,,,,,0.081574,0.000000,0.000000,0.758,1.235
1,1,5.6414,startup,0.2000,forward,1500.000,1210,increasing,1470.000,1390.524,1121,0,1783738411.079838037,-0.186418,-0.013649,0.149051,0.142172,,,,,0.081574,0.000000,0.000000,0.758,1.235
1,1,5.6624,startup,0.2000,forward,1500.000,1210,increasing,1470.000,1390.524,1121,0,1783738411.079838037,-0.186418,-0.013649,0.149051,0.142172,,,,,0.081574,0.000000,0.000000,0.758,1.235
1,1,5.6833,startup,0.2000,forward,1500.000,1210,increasing,1470.000,1390.524,1121,0,1783738411.079838037,-0.186418,-0.013649,0.149051,0.142172,,,,,0.081574,0.000000,0.000000,0.802,1.224
1,1,5.7033,startup,0.2000,forward,1500.000,1210,increasing,1470.000,1390.524,1121,0,1783738411.079838037,-0.186418,-0.013649,0.149051,0.142172,,,,,0.081574,0.000000,0.000000,0.802,1.224
1,1,5.7245,rolling,0.2000,forward,1500.000,1210,increasing,1470.000,1390.524,1121,1,1783738411.180816650,-0.129572,-0.006524,0.159433,0.248406,0.0572658,0.0103820,0.1812948,0.0502669,0.138840,0.000000,0.000000,0.802,1.224
1,1,5.7298,rolling,0.2000,forward,1500.000,1210,increasing,1470.000,1390.524,1121,0,1783738411.180816650,-0.129572,-0.006524,0.159433,0.248406,,,,,0.138840,0.000000,0.000000,0.802,1.224
1,1,5.7508,rolling,0.2000,forward,1500.000,1210,increasing,1470.000,1390.524,1121,0,1783738411.180816650,-0.129572,-0.006524,0.159433,0.248406,,,,,0.138840,0.000000,0.000000,0.802,1.224
1,1,5.7718,rolling,0.2000,forward,1500.000,1210,increasing,1470.000,1390.524,1121,0,1783738411.180816650,-0.129572,-0.006524,0.159433,0.248406,,,,,0.138840,0.000000,0.000000,0.802,1.224
1,1,5.7928,rolling,0.2000,forward,1500.000,1210,increasing,1470.000,1390.524,1121,0,1783738411.180816650,-0.129572,-0.006524,0.159433,0.248406,,,,,0.138840,0.000000,0.000000,0.854,1.196
1,1,5.8039,rolling,0.2000,forward,1500.000,1210,increasing,1470.000,1396.524,1126,1,1783738411.281280518,-0.088117,0.003519,0.166202,0.292150,0.0425346,0.0067692,0.1591460,0.0441343,0.181374,0.000000,0.000000,0.854,1.196
1,1,5.8186,rolling,0.2000,forward,1500.000,1210,increasing,1470.000,1396.524,1126,0,1783738411.281280518,-0.088117,0.003519,0.166202,0.292150,,,,,0.181374,0.000000,0.000000,0.854,1.196
1,1,5.8398,rolling,0.2000,forward,1500.000,1210,increasing,1470.000,1396.524,1126,0,1783738411.281280518,-0.088117,0.003519,0.166202,0.292150,,,,,0.181374,0.000000,0.000000,0.854,1.196
1,1,5.8607,rolling,0.2000,forward,1500.000,1210,increasing,1470.000,1396.524,1126,0,1783738411.281280518,-0.088117,0.003519,0.166202,0.292150,,,,,0.181374,0.000000,0.000000,0.854,1.196
1,1,5.8817,rolling,0.2000,forward,1500.000,1210,increasing,1470.000,1396.524,1126,0,1783738411.281280518,-0.088117,0.003519,0.166202,0.292150,,,,,0.181374,0.000000,0.000000,0.854,1.196
1,1,5.9028,rolling,0.2000,forward,1500.000,1210,increasing,1470.000,1396.524,1126,0,1783738411.281280518,-0.088117,0.003519,0.166202,0.292150,,,,,0.181374,0.000000,0.000000,0.915,1.181
1,1,5.9048,rolling,0.2000,forward,1500.000,1210,increasing,1470.000,1402.524,1131,1,1783738411.381798744,-0.028224,0.012877,0.169765,0.369869,0.0606150,0.0035624,0.0587716,0.0163077,0.241989,0.000000,0.000000,0.915,1.181
1,1,5.9186,rolling,0.2000,forward,1500.000,1210,increasing,1470.000,1402.524,1131,0,1783738411.381798744,-0.028224,0.012877,0.169765,0.369869,,,,,0.241989,0.000000,0.000000,0.915,1.181
1,1,5.9396,rolling,0.2000,forward,1500.000,1210,increasing,1470.000,1402.524,1131,0,1783738411.381798744,-0.028224,0.012877,0.169765,0.369869,,,,,0.241989,0.000000,0.000000,0.915,1.181
1,1,5.9605,rolling,0.2000,forward,1500.000,1210,increasing,1470.000,1402.524,1131,0,1783738411.381798744,-0.028224,0.012877,0.169765,0.369869,,,,,0.241989,0.000000,0.000000,0.915,1.181
1,1,5.9815,rolling,0.2000,forward,1500.000,1210,increasing,1470.000,1402.524,1131,0,1783738411.381798744,-0.028224,0.012877,0.169765,0.369869,,,,,0.241989,0.000000,0.000000,0.976,1.135
