stage,side,candidate,direction,elapsed_s,steering_pulse_us,steering_tick,controller_state,esc_pulse_us,esc_tick,adaptive_feedforward_us,integral_trim_us,fresh_odom,fresh_in_leg,tf_stamp,x_m,y_m,yaw_rad,measured_speed_mps,increment_ds_m,increment_dyaw_rad,leg_motion_m,settled_signed_distance_m,settled_heading_change_rad,front_clearance_m,rear_clearance_m
warmup,center,0,forward,3.3864,1450.000,1169,startup,1422.144,1147,1419.384,0.000,1,1,1783747131.241219044,0.747150,0.232001,0.526713,-0.006003,-0.0002976,0.0005132,0.000298,0.000000,0.000000,1.295,1.724
warmup,center,0,forward,3.4001,1450.000,1169,startup,1422.144,1147,1419.384,0.000,0,0,1783747131.241219044,0.747150,0.232001,0.526713,-0.006003,,,0.000298,0.000000,0.000000,1.295,1.724
warmup,center,0,forward,3.4219,1450.000,1169,startup,1422.144,1147,1419.384,0.000,0,0,1783747131.241219044,0.747150,0.232001,0.526713,-0.006003,,,0.000298,0.000000,0.000000,1.295,1.724
warmup,center,0,forward,3.4434,1450.000,1169,startup,1422.144,1147,1419.384,0.000,0,0,1783747131.241219044,0.747150,0.232001,0.526713,-0.006003,,,0.000298,0.000000,0.000000,1.295,1.724
warmup,center,0,forward,3.4650,1450.000,1169,startup,1422.144,1147,1419.384,0.000,0,0,1783747131.241219044,0.747150,0.232001,0.526713,-0.006003,,,0.000298,0.000000,0.000000,1.295,1.724
warmup,center,0,forward,3.4866,1450.000,1169,startup,1422.144,1147,1419.384,0.000,0,0,1783747131.241219044,0.747150,0.232001,0.526713,-0.006003,,,0.000298,0.000000,0.000000,1.292,1.725
warmup,center,0,forward,3.4892,1450.000,1169,startup,1420.904,1146,1419.384,0.000,1,2,1783747131.341784239,0.749915,0.234831,0.526587,0.004976,0.0038128,-0.0001263,0.004110,0.000000,0.000000,1.292,1.725
warmup,center,0,forward,3.5084,1450.000,1169,startup,1420.904,1146,1419.384,0.000,0,0,1783747131.341784239,0.749915,0.234831,0.526587,0.004976,,,0.004110,0.000000,0.000000,1.292,1.725
warmup,center,0,forward,3.5301,1450.000,1169,startup,1420.904,1146,1419.384,0.000,0,0,1783747131.341784239,0.749915,0.234831,0.526587,0.004976,,,0.004110,0.000000,0.000000,1.292,1.725
warmup,center,0,forward,3.5517,1450.000,1169,startup,1420.904,1146,1419.384,0.000,0,0,1783747131.341784239,0.749915,0.234831,0.526587,0.004976,,,0.004110,0.000000,0.000000,1.292,1.725
warmup,center,0,forward,3.5732,1450.000,1169,startup,1420.904,1146,1419.384,0.000,0,0,1783747131.341784239,0.749915,0.234831,0.526587,0.004976,,,0.004110,0.000000,0.000000,1.303,1.723
warmup,center,0,forward,3.5884,1450.000,1169,startup,1419.664,1145,1419.384,0.000,1,3,1783747131.442203045,0.746876,0.232060,0.526337,-0.006275,-0.0040196,-0.0002502,0.008130,0.000000,0.000000,1.303,1.723
warmup,center,0,forward,3.6055,1450.000,1169,startup,1419.664,1145,1419.384,0.000,0,0,1783747131.442203045,0.746876,0.232060,0.526337,-0.006275,,,0.008130,0.000000,0.000000,1.303,1.723
warmup,center,0,forward,3.6272,1450.000,1169,startup,1419.664,1145,1419.384,0.000,0,0,1783747131.442203045,0.746876,0.232060,0.526337,-0.006275,,,0.008130,0.000000,0.000000,1.303,1.723
warmup,center,0,forward,3.6488,1450.000,1169,startup,1419.664,1145,1419.384,0.000,0,0,1783747131.442203045,0.746876,0.232060,0.526337,-0.006275,,,0.008130,0.000000,0.000000,1.303,1.723
warmup,center,0,forward,3.6703,1450.000,1169,startup,1419.664,1145,1419.384,0.000,0,0,1783747131.442203045,0.746876,0.232060,0.526337,-0.006275,,,0.008130,0.000000,0.000000,1.293,1.722
warmup,center,0,forward,3.6885,1450.000,1169,startup,1418.424,1144,1419.384,0.000,1,4,1783747131.542417049,0.747539,0.231294,0.526221,-0.004236,0.0001884,-0.0001160,0.008318,0.000000,0.000000,1.293,1.722
warmup,center,0,forward,3.7072,1450.000,1169,startup,1418.424,1144,1419.384,0.000,0,0,1783747131.542417049,0.747539,0.231294,0.526221,-0.004236,,,0.008318,0.000000,0.000000,1.293,1.722
warmup,center,0,forward,3.7291,1450.000,1169,startup,1418.424,1144,1419.384,0.000,0,0,1783747131.542417049,0.747539,0.231294,0.526221,-0.004236,,,0.008318,0.000000,0.000000,1.293,1.722
warmup,center,0,forward,3.7508,1450.000,1169,startup,1418.424,1144,1419.384,0.000,0,0,1783747131.542417049,0.747539,0.231294,0.526221,-0.004236,,,0.008318,0.000000,0.000000,1.293,1.722
warmup,center,0,forward,3.7725,1450.000,1169,startup,1418.424,1144,1419.384,0.000,0,0,1783747131.542417049,0.747539,0.231294,0.526221,-0.004236,,,0.008318,0.000000,0.000000,1.306,1.722
warmup,center,0,forward,3.7892,1450.000,1169,startup,1415.324,1141,1419.384,0.000,1,5,1783747131.642786503,0.746828,0.231617,0.526961,-0.004304,-0.0004526,0.0007402,0.008771,0.000000,0.000000,1.306,1.722
warmup,center,0,forward,3.8026,1450.000,1169,startup,1415.324,1141,1419.384,0.000,0,0,1783747131.642786503,0.746828,0.231617,0.526961,-0.004304,,,0.008771,0.000000,0.000000,1.306,1.722
warmup,center,0,forward,3.8243,1450.000,1169,startup,1415.324,1141,1419.384,0.000,0,0,1783747131.642786503,0.746828,0.231617,0.526961,-0.004304,,,0.008771,0.000000,0.000000,1.306,1.722
warmup,center,0,forward,3.8458,1450.000,1169,startup,1415.324,1141,1419.384,0.000,0,0,1783747131.642786503,0.746828,0.231617,0.526961,-0.004304,,,0.008771,0.000000,0.000000,1.306,1.722
warmup,center,0,forward,3.8674,1450.000,1169,startup,1415.324,1141,1419.384,0.000,0,0,1783747131.642786503,0.746828,0.231617,0.526961,-0.004304,,,0.008771,0.000000,0.000000,1.291,1.725
warmup,center,0,forward,3.8898,1450.000,1169,startup,1412.224,1139,1419.384,0.000,1,6,1783747131.743376493,0.751712,0.236325,0.525116,0.013143,0.0065871,-0.0018455,0.015358,0.000000,0.000000,1.291,1.725
warmup,center,0,forward,3.9087,1450.000,1169,startup,1412.224,1139,1419.384,0.000,0,0,1783747131.743376493,0.751712,0.236325,0.525116,0.013143,,,0.015358,0.000000,0.000000,1.291,1.725
warmup,center,0,forward,3.9304,1450.000,1169,startup,1412.224,1139,1419.384,0.000,0,0,1783747131.743376493,0.751712,0.236325,0.525116,0.013143,,,0.015358,0.000000,0.000000,1.291,1.725
warmup,center,0,forward,3.9521,1450.000,1169,startup,1412.224,1139,1419.384,0.000,0,0,1783747131.743376493,0.751712,0.236325,0.525116,0.013143,,,0.015358,0.000000,0.000000,1.291,1.725
warmup,center,0,forward,3.9737,1450.000,1169,startup,1412.224,1139,1419.384,0.000,0,0,1783747131.743376493,0.751712,0.236325,0.525116,0.013143,,,0.015358,0.000000,0.000000,1.293,1.725
warmup,center,0,forward,3.9875,1450.000,1169,startup,1409.124,1136,1419.384,0.000,1,7,1783747131.843780518,0.751192,0.239890,0.525490,0.013191,0.0013388,0.0003749,0.016697,0.000000,0.000000,1.293,1.725
warmup,center,0,forward,4.0080,1450.000,1169,startup,1409.124,1136,1419.384,0.000,0,0,1783747131.843780518,0.751192,0.239890,0.525490,0.013191,,,0.016697,0.000000,0.000000,1.293,1.725
warmup,center,0,forward,4.0296,1450.000,1169,startup,1409.124,1136,1419.384,0.000,0,0,1783747131.843780518,0.751192,0.239890,0.525490,0.013191,,,0.016697,0.000000,0.000000,1.293,1.725
warmup,center,0,forward,4.0512,1450.000,1169,startup,1409.124,1136,1419.384,0.000,0,0,1783747131.843780518,0.751192,0.239890,0.525490,0.013191,,,0.016697,0.000000,0.000000,1.293,1.725
warmup,center,0,forward,4.0729,1450.000,1169,startup,1409.124,1136,1419.384,0.000,0,0,1783747131.843780518,0.751192,0.239890,0.525490,0.013191,,,0.016697,0.000000,0.000000,1.296,1.724
warmup,center,0,forward,4.0878,1450.000,1169,startup,1406.024,1134,1419.384,0.000,1,8,1783747131.941677094,0.751074,0.238366,0.525729,0.007680,-0.0008666,0.0002390,0.017564,0.000000,0.000000,1.296,1.724
warmup,center,0,forward,4.1068,1450.000,1169,startup,1406.024,1134,1419.384,0.000,0,0,1783747131.941677094,0.751074,0.238366,0.525729,0.007680,,,0.017564,0.000000,0.000000,1.296,1.724
warmup,center,0,forward,4.1284,1450.000,1169,startup,1406.024,1134,1419.384,0.000,0,0,1783747131.941677094,0.751074,0.238366,0.525729,0.007680,,,0.017564,0.000000,0.000000,1.296,1.724
warmup,center,0,forward,4.1499,1450.000,1169,startup,1406.024,1134,1419.384,0.000,0,0,1783747131.941677094,0.751074,0.238366,0.525729,0.007680,,,0.017564,0.000000,0.000000,1.296,1.724
warmup,center,0,forward,4.1714,1450.000,1169,startup,1406.024,1134,1419.384,0.000,0,0,1783747131.941677094,0.751074,0.238366,0.525729,0.007680,,,0.017564,0.000000,0.000000,1.299,1.722
warmup,center,0,forward,4.1858,1450.000,1169,startup,1402.924,1131,1419.384,0.000,1,9,1783747132.042007923,0.747970,0.234909,0.526009,-0.005255,-0.0044204,0.0002797,0.021984,0.000000,0.000000,1.299,1.722
warmup,center,0,forward,4.2022,1450.000,1169,startup,1402.924,1131,1419.384,0.000,0,0,1783747132.042007923,0.747970,0.234909,0.526009,-0.005255,,,0.021984,0.000000,0.000000,1.299,1.722
warmup,center,0,forward,4.2239,1450.000,1169,startup,1402.924,1131,1419.384,0.000,0,0,1783747132.042007923,0.747970,0.234909,0.526009,-0.005255,,,0.021984,0.000000,0.000000,1.299,1.722
warmup,center,0,forward,4.2455,1450.000,1169,startup,1402.924,1131,1419.384,0.000,0,0,1783747132.042007923,0.747970,0.234909,0.526009,-0.005255,,,0.021984,0.000000,0.000000,1.299,1.722
warmup,center,0,forward,4.2670,1450.000,1169,startup,1402.924,1131,1419.384,0.000,0,0,1783747132.042007923,0.747970,0.234909,0.526009,-0.005255,,,0.021984,0.000000,0.000000,1.288,1.722
warmup,center,0,forward,4.2862,1450.000,1169,startup,1402.924,1131,1419.384,0.000,0,0,1783747132.042007923,0.747970,0.234909,0.526009,-0.005255,,,0.021984,0.000000,0.000000,1.288,1.722
warmup,center,0,forward,4.3081,1450.000,1169,startup,1399.824,1129,1419.384,0.000,1,10,1783747132.140056610,0.748809,0.235066,0.527081,-0.001890,0.0008043,0.0010721,0.022788,0.000000,0.000000,1.288,1.722
warmup,center,0,forward,4.3099,1450.000,1169,startup,1399.824,1129,1419.384,0.000,0,0,1783747132.140056610,0.748809,0.235066,0.527081,-0.001890,,,0.022788,0.000000,0.000000,1.288,1.722
warmup,center,0,forward,4.3317,1450.000,1169,startup,1399.824,1129,1419.384,0.000,0,0,1783747132.140056610,0.748809,0.235066,0.527081,-0.001890,,,0.022788,0.000000,0.000000,1.288,1.722
warmup,center,0,forward,4.3534,1450.000,1169,startup,1399.824,1129,1419.384,0.000,0,0,1783747132.140056610,0.748809,0.235066,0.527081,-0.001890,,,0.022788,0.000000,0.000000,1.288,1.722
warmup,center,0,forward,4.3750,1450.000,1169,startup,1399.824,1129,1419.384,0.000,0,0,1783747132.140056610,0.748809,0.235066,0.527081,-0.001890,,,0.022788,0.000000,0.000000,1.294,1.726
warmup,center,0,forward,4.3842,1450.000,1169,startup,1396.724,1126,1419.384,0.000,1,11,1783747132.240378618,0.748324,0.234862,0.525584,-0.002718,-0.0005219,-0.0014977,0.023310,0.000000,0.000000,1.294,1.726
warmup,center,0,forward,4.4000,1450.000,1169,startup,1396.724,1126,1419.384,0.000,0,0,1783747132.240378618,0.748324,0.234862,0.525584,-0.002718,,,0.023310,0.000000,0.000000,1.294,1.726
warmup,center,0,forward,4.4216,1450.000,1169,startup,1396.724,1126,1419.384,0.000,0,0,1783747132.240378618,0.748324,0.234862,0.525584,-0.002718,,,0.023310,0.000000,0.000000,1.294,1.726
warmup,center,0,forward,4.4432,1450.000,1169,startup,1396.724,1126,1419.384,0.000,0,0,1783747132.240378618,0.748324,0.234862,0.525584,-0.002718,,,0.023310,0.000000,0.000000,1.294,1.726
warmup,center,0,forward,4.4647,1450.000,1169,startup,1396.724,1126,1419.384,0.000,0,0,1783747132.240378618,0.748324,0.234862,0.525584,-0.002718,,,0.023310,0.000000,0.000000,1.301,1.725
warmup,center,0,forward,4.4846,1450.000,1169,startup,1393.624,1124,1419.384,0.000,1,12,1783747132.338342428,0.747581,0.232676,0.525337,-0.006478,-0.0017397,-0.0002462,0.025050,0.000000,0.000000,1.301,1.725
warmup,center,0,forward,4.5027,1450.000,1169,startup,1393.624,1124,1419.384,0.000,0,0,1783747132.338342428,0.747581,0.232676,0.525337,-0.006478,,,0.025050,0.000000,0.000000,1.301,1.725
warmup,center,0,forward,4.5243,1450.000,1169,startup,1393.624,1124,1419.384,0.000,0,0,1783747132.338342428,0.747581,0.232676,0.525337,-0.006478,,,0.025050,0.000000,0.000000,1.301,1.725
warmup,center,0,forward,4.5458,1450.000,1169,startup,1393.624,1124,1419.384,0.000,0,0,1783747132.338342428,0.747581,0.232676,0.525337,-0.006478,,,0.025050,0.000000,0.000000,1.301,1.725
warmup,center,0,forward,4.5673,1450.000,1169,startup,1393.624,1124,1419.384,0.000,0,0,1783747132.338342428,0.747581,0.232676,0.525337,-0.006478,,,0.025050,0.000000,0.000000,1.378,1.717
warmup,center,0,forward,4.5853,1450.000,1169,startup,1390.524,1121,1419.384,0.000,1,13,1783747132.438732386,0.756608,0.237899,0.527201,0.021114,0.0104294,0.0018631,0.035479,0.000000,0.000000,1.378,1.717
warmup,center,0,forward,4.5996,1450.000,1169,startup,1390.524,1121,1419.384,0.000,0,0,1783747132.438732386,0.756608,0.237899,0.527201,0.021114,,,0.035479,0.000000,0.000000,1.378,1.717
warmup,center,0,forward,4.6213,1450.000,1169,startup,1390.524,1121,1419.384,0.000,0,0,1783747132.438732386,0.756608,0.237899,0.527201,0.021114,,,0.035479,0.000000,0.000000,1.378,1.717
warmup,center,0,forward,4.6428,1450.000,1169,startup,1390.524,1121,1419.384,0.000,0,0,1783747132.438732386,0.756608,0.237899,0.527201,0.021114,,,0.035479,0.000000,0.000000,1.378,1.717
warmup,center,0,forward,4.6643,1450.000,1169,startup,1390.524,1121,1419.384,0.000,0,0,1783747132.438732386,0.756608,0.237899,0.527201,0.021114,,,0.035479,0.000000,0.000000,1.319,1.710
warmup,center,0,forward,4.6825,1450.000,1169,startup,1387.424,1119,1419.384,0.000,1,14,1783747132.538974524,0.765674,0.243321,0.529270,0.042180,0.0105636,0.0020699,0.046043,0.000000,0.000000,1.319,1.710
warmup,center,0,forward,4.6933,1450.000,1169,startup,1387.424,1119,1419.384,0.000,0,0,1783747132.538974524,0.765674,0.243321,0.529270,0.042180,,,0.046043,0.000000,0.000000,1.319,1.710
warmup,center,0,forward,4.7150,1450.000,1169,startup,1387.424,1119,1419.384,0.000,0,0,1783747132.538974524,0.765674,0.243321,0.529270,0.042180,,,0.046043,0.000000,0.000000,1.319,1.710
warmup,center,0,forward,4.7368,1450.000,1169,startup,1387.424,1119,1419.384,0.000,0,0,1783747132.538974524,0.765674,0.243321,0.529270,0.042180,,,0.046043,0.000000,0.000000,1.319,1.710
warmup,center,0,forward,4.7586,1450.000,1169,startup,1387.424,1119,1419.384,0.000,0,0,1783747132.538974524,0.765674,0.243321,0.529270,0.042180,,,0.046043,0.000000,0.000000,1.319,1.710
warmup,center,0,forward,4.7805,1450.000,1169,startup,1387.424,1119,1419.384,0.000,0,0,1783747132.538974524,0.765674,0.243321,0.529270,0.042180,,,0.046043,0.000000,0.000000,1.313,1.703
warmup,center,0,forward,4.7836,1450.000,1169,startup,1384.324,1116,1419.384,0.000,1,15,1783747132.636658907,0.766379,0.240860,0.529149,0.030012,-0.0006343,-0.0001211,0.046677,0.000000,0.000000,1.313,1.703
warmup,center,0,forward,4.8051,1450.000,1169,startup,1384.324,1116,1419.384,0.000,0,0,1783747132.636658907,0.766379,0.240860,0.529149,0.030012,,,0.046677,0.000000,0.000000,1.313,1.703
warmup,center,0,forward,4.8268,1450.000,1169,startup,1384.324,1116,1419.384,0.000,0,0,1783747132.636658907,0.766379,0.240860,0.529149,0.030012,,,0.046677,0.000000,0.000000,1.313,1.703
warmup,center,0,forward,4.8486,1450.000,1169,startup,1384.324,1116,1419.384,0.000,0,0,1783747132.636658907,0.766379,0.240860,0.529149,0.030012,,,0.046677,0.000000,0.000000,1.313,1.703
warmup,center,0,forward,4.8702,1450.000,1169,startup,1384.324,1116,1419.384,0.000,0,0,1783747132.636658907,0.766379,0.240860,0.529149,0.030012,,,0.046677,0.000000,0.000000,1.322,1.691
warmup,center,0,forward,4.8834,1450.000,1169,startup,1381.224,1114,1419.384,0.000,1,16,1783747132.737034559,0.772439,0.242299,0.527865,0.037351,0.0059593,-0.0012844,0.052636,0.000000,0.000000,1.322,1.691
warmup,center,0,forward,4.8977,1450.000,1169,startup,1381.224,1114,1419.384,0.000,0,0,1783747132.737034559,0.772439,0.242299,0.527865,0.037351,,,0.052636,0.000000,0.000000,1.322,1.691
warmup,center,0,forward,4.9193,1450.000,1169,startup,1381.224,1114,1419.384,0.000,0,0,1783747132.737034559,0.772439,0.242299,0.527865,0.037351,,,0.052636,0.000000,0.000000,1.322,1.691
warmup,center,0,forward,4.9408,1450.000,1169,startup,1381.224,1114,1419.384,0.000,0,0,1783747132.737034559,0.772439,0.242299,0.527865,0.037351,,,0.052636,0.000000,0.000000,1.322,1.691
warmup,center,0,forward,4.9623,1450.000,1169,startup,1381.224,1114,1419.384,0.000,0,0,1783747132.737034559,0.772439,0.242299,0.527865,0.037351,,,0.052636,0.000000,0.000000,1.335,1.676
warmup,center,0,forward,4.9839,1450.000,1169,startup,1381.224,1114,1419.384,0.000,0,0,1783747132.737034559,0.772439,0.242299,0.527865,0.037351,,,0.052636,0.000000,0.000000,1.335,1.676
warmup,center,0,forward,5.0059,1450.000,1169,rolling,1419.384,1145,1419.384,0.000,1,17,1783747132.837590933,0.790931,0.252918,0.531014,0.081025,0.0213225,0.0031489,0.073959,0.000000,0.000000,1.335,1.676
warmup,center,0,forward,5.0077,1450.000,1169,rolling,1419.384,1145,1419.384,0.000,0,0,1783747132.837590933,0.790931,0.252918,0.531014,0.081025,,,0.073959,0.000000,0.000000,1.335,1.676
warmup,center,0,forward,5.0295,1450.000,1169,rolling,1419.384,1145,1419.384,0.000,0,0,1783747132.837590933,0.790931,0.252918,0.531014,0.081025,,,0.073959,0.000000,0.000000,1.335,1.676
warmup,center,0,forward,5.0511,1450.000,1169,rolling,1419.384,1145,1419.384,0.000,0,0,1783747132.837590933,0.790931,0.252918,0.531014,0.081025,,,0.073959,0.000000,0.000000,1.335,1.676
warmup,center,0,forward,5.0729,1450.000,1169,rolling,1419.384,1145,1419.384,0.000,0,0,1783747132.837590933,0.790931,0.252918,0.531014,0.081025,,,0.073959,0.000000,0.000000,1.355,1.655
warmup,center,0,forward,5.0840,1450.000,1169,rolling,1417.462,1143,1419.132,-0.252,1,18,1783747132.938002110,0.812370,0.260605,0.531743,0.116485,0.0223782,0.0007295,0.096337,0.022378,0.000730,1.355,1.655
warmup,center,0,forward,5.0975,1450.000,1169,rolling,1417.462,1143,1419.132,-0.252,0,0,1783747132.938002110,0.812370,0.260605,0.531743,0.116485,,,0.096337,0.022378,0.000730,1.355,1.655
warmup,center,0,forward,5.1192,1450.000,1169,rolling,1417.462,1143,1419.132,-0.252,0,0,1783747132.938002110,0.812370,0.260605,0.531743,0.116485,,,0.096337,0.022378,0.000730,1.355,1.655
warmup,center,0,forward,5.1408,1450.000,1169,rolling,1417.462,1143,1419.132,-0.252,0,0,1783747132.938002110,0.812370,0.260605,0.531743,0.116485,,,0.096337,0.022378,0.000730,1.355,1.655
warmup,center,0,forward,5.1624,1450.000,1169,rolling,1417.462,1143,1419.132,-0.252,0,0,1783747132.938002110,0.812370,0.260605,0.531743,0.116485,,,0.096337,0.022378,0.000730,1.383,1.643
warmup,center,0,forward,5.1821,1450.000,1169,rolling,1417.753,1143,1418.952,-0.432,1,19,1783747133.038226366,0.833059,0.267107,0.533359,0.140060,0.0211258,0.0016152,0.117463,0.043504,0.002345,1.383,1.643
warmup,center,0,forward,5.1988,1450.000,1169,rolling,1417.753,1143,1418.952,-0.432,0,0,1783747133.038226366,0.833059,0.267107,0.533359,0.140060,,,0.117463,0.043504,0.002345,1.383,1.643
warmup,center,0,forward,5.2205,1450.000,1169,rolling,1417.753,1143,1418.952,-0.432,0,0,1783747133.038226366,0.833059,0.267107,0.533359,0.140060,,,0.117463,0.043504,0.002345,1.383,1.643
warmup,center,0,forward,5.2421,1450.000,1169,rolling,1417.753,1143,1418.952,-0.432,0,0,1783747133.038226366,0.833059,0.267107,0.533359,0.140060,,,0.117463,0.043504,0.002345,1.383,1.643
warmup,center,0,forward,5.2636,1450.000,1169,rolling,1417.753,1143,1418.952,-0.432,0,0,1783747133.038226366,0.833059,0.267107,0.533359,0.140060,,,0.117463,0.043504,0.002345,1.383,1.628
warmup,center,0,forward,5.2824,1450.000,1169,rolling,1418.089,1144,1418.841,-0.542,1,20,1783747133.136268139,0.855991,0.272511,0.535188,0.162387,0.0224876,0.0018295,0.139950,0.065992,0.004174,1.383,1.628
warmup,center,0,forward,5.2936,1450.000,1169,rolling,1418.089,1144,1418.841,-0.542,0,0,1783747133.136268139,0.855991,0.272511,0.535188,0.162387,,,0.139950,0.065992,0.004174,1.383,1.628
warmup,center,0,forward,5.3152,1450.000,1169,rolling,1418.089,1144,1418.841,-0.542,0,0,1783747133.136268139,0.855991,0.272511,0.535188,0.162387,,,0.139950,0.065992,0.004174,1.383,1.628
warmup,center,0,forward,5.3368,1450.000,1169,rolling,1418.089,1144,1418.841,-0.542,0,0,1783747133.136268139,0.855991,0.272511,0.535188,0.162387,,,0.139950,0.065992,0.004174,1.383,1.628
warmup,center,0,forward,5.3583,1450.000,1169,rolling,1418.089,1144,1418.841,-0.542,0,0,1783747133.136268139,0.855991,0.272511,0.535188,0.162387,,,0.139950,0.065992,0.004174,1.383,1.628
warmup,center,0,forward,5.3798,1450.000,1169,rolling,1418.089,1144,1418.841,-0.542,0,0,1783747133.136268139,0.855991,0.272511,0.535188,0.162387,,,0.139950,0.065992,0.004174,1.389,1.621
warmup,center,0,forward,5.3830,1450.000,1169,rolling,1418.089,1144,1418.841,-0.542,0,0,1783747133.136268139,0.855991,0.272511,0.535188,0.162387,,,0.139950,0.065992,0.004174,1.389,1.621
warmup,center,0,forward,5.4050,1450.000,1169,rolling,1417.193,1143,1418.626,-0.758,1,21,1783747133.236392975,0.854377,0.280358,0.538120,0.128344,0.0026246,0.0029320,0.142575,0.068616,0.007106,1.389,1.621
warmup,center,0,forward,5.4157,1450.000,1169,rolling,1417.193,1143,1418.626,-0.758,0,0,1783747133.236392975,0.854377,0.280358,0.538120,0.128344,,,0.142575,0.068616,0.007106,1.389,1.621
warmup,center,0,forward,5.4374,1450.000,1169,rolling,1417.193,1143,1418.626,-0.758,0,0,1783747133.236392975,0.854377,0.280358,0.538120,0.128344,,,0.142575,0.068616,0.007106,1.389,1.621
warmup,center,0,forward,5.4589,1450.000,1169,rolling,1417.193,1143,1418.626,-0.758,0,0,1783747133.236392975,0.854377,0.280358,0.538120,0.128344,,,0.142575,0.068616,0.007106,1.389,1.621
warmup,center,0,forward,5.4804,1450.000,1169,rolling,1417.193,1143,1418.626,-0.758,0,0,1783747133.236392975,0.854377,0.280358,0.538120,0.128344,,,0.142575,0.068616,0.007106,1.387,1.623
warmup,center,0,forward,5.4833,1450.000,1169,rolling,1417.193,1143,1418.626,-0.758,0,0,1783747133.236392975,0.854377,0.280358,0.538120,0.128344,,,0.142575,0.068616,0.007106,1.387,1.623
warmup,center,0,forward,5.5053,1450.000,1169,rolling,1416.307,1142,1418.322,-1.062,1,22,1783747133.337149382,0.854611,0.282339,0.537583,0.099276,0.0012163,-0.0005370,0.143791,0.068616,0.007106,1.387,1.623
warmup,center,0,forward,5.5072,1450.000,1169,rolling,1416.307,1142,1418.322,-1.062,0,0,1783747133.337149382,0.854611,0.282339,0.537583,0.099276,,,0.143791,0.068616,0.007106,1.387,1.623
warmup,center,0,forward,5.5289,1450.000,1169,rolling,1416.307,1142,1418.322,-1.062,0,0,1783747133.337149382,0.854611,0.282339,0.537583,0.099276,,,0.143791,0.068616,0.007106,1.387,1.623
warmup,center,0,forward,5.5505,1450.000,1169,rolling,1416.307,1142,1418.322,-1.062,0,0,1783747133.337149382,0.854611,0.282339,0.537583,0.099276,,,0.143791,0.068616,0.007106,1.387,1.623
warmup,center,0,forward,5.5722,1450.000,1169,rolling,1416.307,1142,1418.322,-1.062,0,0,1783747133.337149382,0.854611,0.282339,0.537583,0.099276,,,0.143791,0.068616,0.007106,1.396,1.618
warmup,center,0,forward,5.5836,1450.000,1169,rolling,1415.453,1141,1417.946,-1.437,1,23,1783747133.437501192,0.853861,0.284301,0.536786,0.075352,0.0003595,-0.0007970,0.144151,0.068616,0.007106,1.396,1.618
warmup,center,0,forward,5.5927,1450.000,1169,rolling,1415.453,1141,1417.946,-1.437,0,0,1783747133.437501192,0.853861,0.284301,0.536786,0.075352,,,0.144151,0.068616,0.007106,1.396,1.618
warmup,center,0,forward,5.6144,1450.000,1169,rolling,1415.453,1141,1417.946,-1.437,0,0,1783747133.437501192,0.853861,0.284301,0.536786,0.075352,,,0.144151,0.068616,0.007106,1.396,1.618
warmup,center,0,forward,5.6362,1450.000,1169,rolling,1415.453,1141,1417.946,-1.437,0,0,1783747133.437501192,0.853861,0.284301,0.536786,0.075352,,,0.144151,0.068616,0.007106,1.396,1.618
warmup,center,0,forward,5.6578,1450.000,1169,rolling,1415.453,1141,1417.946,-1.437,0,0,1783747133.437501192,0.853861,0.284301,0.536786,0.075352,,,0.144151,0.068616,0.007106,1.396,1.618
warmup,center,0,forward,5.6794,1450.000,1169,rolling,1415.453,1141,1417.946,-1.437,0,0,1783747133.437501192,0.853861,0.284301,0.536786,0.075352,,,0.144151,0.068616,0.007106,1.388,1.622
warmup,center,0,forward,5.6841,1450.000,1169,rolling,1414.327,1141,1417.474,-1.910,1,24,1783747133.537579060,0.849210,0.281265,0.535204,0.042652,-0.0055492,-0.0015819,0.149700,0.068616,0.007106,1.388,1.622
warmup,center,0,forward,5.7019,1450.000,1169,rolling,1414.327,1141,1417.474,-1.910,0,0,1783747133.537579060,0.849210,0.281265,0.535204,0.042652,,,0.149700,0.068616,0.007106,1.388,1.622
warmup,center,0,forward,5.7235,1450.000,1169,rolling,1414.327,1141,1417.474,-1.910,0,0,1783747133.537579060,0.849210,0.281265,0.535204,0.042652,,,0.149700,0.068616,0.007106,1.388,1.622
warmup,center,0,forward,5.7451,1450.000,1169,rolling,1414.327,1141,1417.474,-1.910,0,0,1783747133.537579060,0.849210,0.281265,0.535204,0.042652,,,0.149700,0.068616,0.007106,1.388,1.622
warmup,center,0,forward,5.7671,1450.000,1169,rolling,1414.327,1141,1417.474,-1.910,0,0,1783747133.537579060,0.849210,0.281265,0.535204,0.042652,,,0.149700,0.068616,0.007106,1.393,1.619
warmup,center,0,forward,5.7841,1450.000,1169,rolling,1413.248,1140,1416.919,-2.465,1,25,1783747133.638324499,0.843978,0.277820,0.533628,0.016461,-0.0062575,-0.0015765,0.155957,0.068616,0.007106,1.393,1.619
warmup,center,0,forward,5.7991,1450.000,1169,rolling,1413.248,1140,1416.919,-2.465,0,0,1783747133.638324499,0.843978,0.277820,0.533628,0.016461,,,0.155957,0.068616,0.007106,1.393,1.619
warmup,center,0,forward,5.8213,1450.000,1169,rolling,1413.248,1140,1416.919,-2.465,0,0,1783747133.638324499,0.843978,0.277820,0.533628,0.016461,,,0.155957,0.068616,0.007106,1.393,1.619
warmup,center,0,forward,5.8431,1450.000,1169,rolling,1413.248,1140,1416.919,-2.465,0,0,1783747133.638324499,0.843978,0.277820,0.533628,0.016461,,,0.155957,0.068616,0.007106,1.393,1.619
warmup,center,0,forward,5.8646,1450.000,1169,rolling,1413.248,1140,1416.919,-2.465,0,0,1783747133.638324499,0.843978,0.277820,0.533628,0.016461,,,0.155957,0.068616,0.007106,1.377,1.621
warmup,center,0,forward,5.8853,1450.000,1169,rolling,1412.409,1139,1416.331,-3.053,1,26,1783747133.738355637,0.841127,0.275999,0.533280,0.003895,-0.0033813,-0.0003483,0.159339,0.068616,0.007106,1.377,1.621
warmup,center,0,forward,5.8943,1450.000,1169,rolling,1412.409,1139,1416.331,-3.053,0,0,1783747133.738355637,0.841127,0.275999,0.533280,0.003895,,,0.159339,0.068616,0.007106,1.377,1.621
warmup,center,0,forward,5.9160,1450.000,1169,rolling,1412.409,1139,1416.331,-3.053,0,0,1783747133.738355637,0.841127,0.275999,0.533280,0.003895,,,0.159339,0.068616,0.007106,1.377,1.621
warmup,center,0,forward,5.9375,1450.000,1169,rolling,1412.409,1139,1416.331,-3.053,0,0,1783747133.738355637,0.841127,0.275999,0.533280,0.003895,,,0.159339,0.068616,0.007106,1.377,1.621
warmup,center,0,forward,5.9590,1450.000,1169,rolling,1412.409,1139,1416.331,-3.053,0,0,1783747133.738355637,0.841127,0.275999,0.533280,0.003895,,,0.159339,0.068616,0.007106,1.377,1.621
warmup,center,0,forward,5.9805,1450.000,1169,rolling,1412.409,1139,1416.331,-3.053,0,0,1783747133.738355637,0.841127,0.275999,0.533280,0.003895,,,0.159339,0.068616,0.007106,1.385,1.621
warmup,center,0,forward,5.9852,1450.000,1169,recovery,1411.773,1139,1415.732,-3.652,1,27,1783747133.839144468,0.841647,0.274425,0.533405,0.002048,-0.0003519,0.0001258,0.159691,0.068616,0.007106,1.385,1.621
warmup,center,0,forward,5.9970,1450.000,1169,recovery,1411.773,1139,1415.732,-3.652,0,0,1783747133.839144468,0.841647,0.274425,0.533405,0.002048,,,0.159691,0.068616,0.007106,1.385,1.621
warmup,center,0,forward,6.0187,1450.000,1169,recovery,1411.773,1139,1415.732,-3.652,0,0,1783747133.839144468,0.841647,0.274425,0.533405,0.002048,,,0.159691,0.068616,0.007106,1.385,1.621
warmup,center,0,forward,6.0403,1450.000,1169,recovery,1411.773,1139,1415.732,-3.652,0,0,1783747133.839144468,0.841647,0.274425,0.533405,0.002048,,,0.159691,0.068616,0.007106,1.385,1.621
warmup,center,0,forward,6.0618,1450.000,1169,recovery,1411.773,1139,1415.732,-3.652,0,0,1783747133.839144468,0.841647,0.274425,0.533405,0.002048,,,0.159691,0.068616,0.007106,1.423,1.620
warmup,center,0,forward,6.0829,1450.000,1169,recovery,1408.673,1136,1415.732,-3.652,1,28,1783747133.939351082,0.841752,0.277922,0.533790,0.006199,0.0018690,0.0003849,0.161560,0.068616,0.007106,1.423,1.620
warmup,center,0,forward,6.1050,1450.000,1169,recovery,1408.673,1136,1415.732,-3.652,0,0,1783747133.939351082,0.841752,0.277922,0.533790,0.006199,,,0.161560,0.068616,0.007106,1.423,1.620
warmup,center,0,forward,6.1063,1450.000,1169,recovery,1408.673,1136,1415.732,-3.652,0,0,1783747133.939351082,0.841752,0.277922,0.533790,0.006199,,,0.161560,0.068616,0.007106,1.423,1.620
warmup,center,0,forward,6.1279,1450.000,1169,recovery,1408.673,1136,1415.732,-3.652,0,0,1783747133.939351082,0.841752,0.277922,0.533790,0.006199,,,0.161560,0.068616,0.007106,1.423,1.620
warmup,center,0,forward,6.1494,1450.000,1169,recovery,1408.673,1136,1415.732,-3.652,0,0,1783747133.939351082,0.841752,0.277922,0.533790,0.006199,,,0.161560,0.068616,0.007106,1.423,1.620
warmup,center,0,forward,6.1709,1450.000,1169,recovery,1408.673,1136,1415.732,-3.652,0,0,1783747133.939351082,0.841752,0.277922,0.533790,0.006199,,,0.161560,0.068616,0.007106,1.401,1.619
warmup,center,0,forward,6.1836,1450.000,1169,recovery,1405.573,1134,1415.732,-3.652,1,29,1783747134.037167549,0.842506,0.280523,0.533839,0.009692,0.0019728,0.0000486,0.163532,0.068616,0.007106,1.401,1.619
warmup,center,0,forward,6.1924,1450.000,1169,recovery,1405.573,1134,1415.732,-3.652,0,0,1783747134.037167549,0.842506,0.280523,0.533839,0.009692,,,0.163532,0.068616,0.007106,1.401,1.619
warmup,center,0,forward,6.2142,1450.000,1169,recovery,1405.573,1134,1415.732,-3.652,0,0,1783747134.037167549,0.842506,0.280523,0.533839,0.009692,,,0.163532,0.068616,0.007106,1.401,1.619
warmup,center,0,forward,6.2360,1450.000,1169,recovery,1405.573,1134,1415.732,-3.652,0,0,1783747134.037167549,0.842506,0.280523,0.533839,0.009692,,,0.163532,0.068616,0.007106,1.401,1.619
warmup,center,0,forward,6.2577,1450.000,1169,recovery,1405.573,1134,1415.732,-3.652,0,0,1783747134.037167549,0.842506,0.280523,0.533839,0.009692,,,0.163532,0.068616,0.007106,1.401,1.619
warmup,center,0,forward,6.2792,1450.000,1169,recovery,1405.573,1134,1415.732,-3.652,0,0,1783747134.037167549,0.842506,0.280523,0.533839,0.009692,,,0.163532,0.068616,0.007106,1.385,1.620
warmup,center,0,forward,6.2839,1450.000,1169,recovery,1402.473,1131,1415.732,-3.652,1,30,1783747134.137736797,0.846024,0.283824,0.533180,0.018971,0.0047074,-0.0006592,0.168240,0.068616,0.007106,1.385,1.620
warmup,center,0,forward,6.3016,1450.000,1169,recovery,1402.473,1131,1415.732,-3.652,0,0,1783747134.137736797,0.846024,0.283824,0.533180,0.018971,,,0.168240,0.068616,0.007106,1.385,1.620
warmup,center,0,forward,6.3232,1450.000,1169,recovery,1402.473,1131,1415.732,-3.652,0,0,1783747134.137736797,0.846024,0.283824,0.533180,0.018971,,,0.168240,0.068616,0.007106,1.385,1.620
warmup,center,0,forward,6.3448,1450.000,1169,recovery,1402.473,1131,1415.732,-3.652,0,0,1783747134.137736797,0.846024,0.283824,0.533180,0.018971,,,0.168240,0.068616,0.007106,1.385,1.620
warmup,center,0,forward,6.3663,1450.000,1169,recovery,1402.473,1131,1415.732,-3.652,0,0,1783747134.137736797,0.846024,0.283824,0.533180,0.018971,,,0.168240,0.068616,0.007106,1.404,1.618
warmup,center,0,forward,6.3841,1450.000,1169,recovery,1399.373,1129,1415.732,-3.652,1,31,1783747134.238020420,0.848656,0.286888,0.532777,0.023761,0.0038241,-0.0004025,0.172064,0.068616,0.007106,1.404,1.618
warmup,center,0,forward,6.4007,1450.000,1169,recovery,1399.373,1129,1415.732,-3.652,0,0,1783747134.238020420,0.848656,0.286888,0.532777,0.023761,,,0.172064,0.068616,0.007106,1.404,1.618
warmup,center,0,forward,6.4224,1450.000,1169,recovery,1399.373,1129,1415.732,-3.652,0,0,1783747134.238020420,0.848656,0.286888,0.532777,0.023761,,,0.172064,0.068616,0.007106,1.404,1.618
warmup,center,0,forward,6.4440,1450.000,1169,recovery,1399.373,1129,1415.732,-3.652,0,0,1783747134.238020420,0.848656,0.286888,0.532777,0.023761,,,0.172064,0.068616,0.007106,1.404,1.618
warmup,center,0,forward,6.4655,1450.000,1169,recovery,1399.373,1129,1415.732,-3.652,0,0,1783747134.238020420,0.848656,0.286888,0.532777,0.023761,,,0.172064,0.068616,0.007106,1.402,1.619
warmup,center,0,forward,6.4847,1450.000,1169,recovery,1396.273,1126,1415.732,-3.652,1,32,1783747134.338277102,0.849135,0.290186,0.532722,0.023026,0.0020874,-0.0000550,0.174151,0.068616,0.007106,1.402,1.619
warmup,center,0,forward,6.4955,1450.000,1169,recovery,1396.273,1126,1415.732,-3.652,0,0,1783747134.338277102,0.849135,0.290186,0.532722,0.023026,,,0.174151,0.068616,0.007106,1.402,1.619
warmup,center,0,forward,6.5173,1450.000,1169,recovery,1396.273,1126,1415.732,-3.652,0,0,1783747134.338277102,0.849135,0.290186,0.532722,0.023026,,,0.174151,0.068616,0.007106,1.402,1.619
warmup,center,0,forward,6.5389,1450.000,1169,recovery,1396.273,1126,1415.732,-3.652,0,0,1783747134.338277102,0.849135,0.290186,0.532722,0.023026,,,0.174151,0.068616,0.007106,1.402,1.619
warmup,center,0,forward,6.5606,1450.000,1169,recovery,1396.273,1126,1415.732,-3.652,0,0,1783747134.338277102,0.849135,0.290186,0.532722,0.023026,,,0.174151,0.068616,0.007106,1.402,1.619
warmup,center,0,forward,6.5821,1450.000,1169,recovery,1396.273,1126,1415.732,-3.652,0,0,1783747134.338277102,0.849135,0.290186,0.532722,0.023026,,,0.174151,0.068616,0.007106,1.393,1.617
warmup,center,0,forward,6.5850,1450.000,1169,recovery,1393.173,1124,1415.732,-3.652,1,33,1783747134.438874960,0.846893,0.287426,0.531210,0.008990,-0.0033316,-0.0015127,0.177483,0.068616,0.007106,1.393,1.617
warmup,center,0,forward,6.6044,1450.000,1169,recovery,1393.173,1124,1415.732,-3.652,0,0,1783747134.438874960,0.846893,0.287426,0.531210,0.008990,,,0.177483,0.068616,0.007106,1.393,1.617
warmup,center,0,forward,6.6263,1450.000,1169,recovery,1393.173,1124,1415.732,-3.652,0,0,1783747134.438874960,0.846893,0.287426,0.531210,0.008990,,,0.177483,0.068616,0.007106,1.393,1.617
warmup,center,0,forward,6.6478,1450.000,1169,recovery,1393.173,1124,1415.732,-3.652,0,0,1783747134.438874960,0.846893,0.287426,0.531210,0.008990,,,0.177483,0.068616,0.007106,1.393,1.617
warmup,center,0,forward,6.6693,1450.000,1169,recovery,1393.173,1124,1415.732,-3.652,0,0,1783747134.438874960,0.846893,0.287426,0.531210,0.008990,,,0.177483,0.068616,0.007106,1.385,1.613
warmup,center,0,forward,6.6855,1450.000,1169,recovery,1393.173,1124,1415.732,-3.652,0,0,1783747134.438874960,0.846893,0.287426,0.531210,0.008990,,,0.177483,0.068616,0.007106,1.385,1.613
warmup,center,0,forward,6.7074,1450.000,1169,recovery,1390.073,1121,1415.732,-3.652,1,34,1783747134.539235592,0.834726,0.284846,0.530858,-0.022647,-0.0117983,-0.0003513,0.189281,0.068616,0.007106,1.385,1.613
warmup,center,0,forward,6.7111,1450.000,1169,recovery,1390.073,1121,1415.732,-3.652,0,0,1783747134.539235592,0.834726,0.284846,0.530858,-0.022647,,,0.189281,0.068616,0.007106,1.385,1.613
warmup,center,0,forward,6.7327,1450.000,1169,recovery,1390.073,1121,1415.732,-3.652,0,0,1783747134.539235592,0.834726,0.284846,0.530858,-0.022647,,,0.189281,0.068616,0.007106,1.385,1.613
warmup,center,0,forward,6.7543,1450.000,1169,recovery,1390.073,1121,1415.732,-3.652,0,0,1783747134.539235592,0.834726,0.284846,0.530858,-0.022647,,,0.189281,0.068616,0.007106,1.385,1.613
warmup,center,0,forward,6.7758,1450.000,1169,recovery,1390.073,1121,1415.732,-3.652,0,0,1783747134.539235592,0.834726,0.284846,0.530858,-0.022647,,,0.189281,0.068616,0.007106,1.384,1.612
warmup,center,0,forward,6.7858,1450.000,1169,recovery,1386.973,1119,1415.732,-3.652,1,35,1783747134.639542341,0.836703,0.283890,0.529357,-0.013938,0.0012225,-0.0015014,0.190504,0.068616,0.007106,1.384,1.612
warmup,center,0,forward,6.8016,1450.000,1169,recovery,1386.973,1119,1415.732,-3.652,0,0,1783747134.639542341,0.836703,0.283890,0.529357,-0.013938,,,0.190504,0.068616,0.007106,1.384,1.612
warmup,center,0,forward,6.8233,1450.000,1169,recovery,1386.973,1119,1415.732,-3.652,0,0,1783747134.639542341,0.836703,0.283890,0.529357,-0.013938,,,0.190504,0.068616,0.007106,1.384,1.612
warmup,center,0,forward,6.8448,1450.000,1169,recovery,1386.973,1119,1415.732,-3.652,0,0,1783747134.639542341,0.836703,0.283890,0.529357,-0.013938,,,0.190504,0.068616,0.007106,1.384,1.612
warmup,center,0,forward,6.8663,1450.000,1169,recovery,1386.973,1119,1415.732,-3.652,0,0,1783747134.639542341,0.836703,0.283890,0.529357,-0.013938,,,0.190504,0.068616,0.007106,1.404,1.604
warmup,center,0,forward,6.8837,1450.000,1169,recovery,1383.873,1116,1415.732,-3.652,1,36,1783747134.739862442,0.846088,0.285422,0.526649,0.011671,0.0088783,-0.0027073,0.199382,0.068616,0.007106,1.404,1.604
warmup,center,0,forward,6.9042,1450.000,1169,recovery,1383.873,1116,1415.732,-3.652,0,0,1783747134.739862442,0.846088,0.285422,0.526649,0.011671,,,0.199382,0.068616,0.007106,1.404,1.604
warmup,center,0,forward,6.9258,1450.000,1169,recovery,1383.873,1116,1415.732,-3.652,0,0,1783747134.739862442,0.846088,0.285422,0.526649,0.011671,,,0.199382,0.068616,0.007106,1.404,1.604
warmup,center,0,forward,6.9474,1450.000,1169,recovery,1383.873,1116,1415.732,-3.652,0,0,1783747134.739862442,0.846088,0.285422,0.526649,0.011671,,,0.199382,0.068616,0.007106,1.404,1.604
warmup,center,0,forward,6.9689,1450.000,1169,recovery,1383.873,1116,1415.732,-3.652,0,0,1783747134.739862442,0.846088,0.285422,0.526649,0.011671,,,0.199382,0.068616,0.007106,1.388,1.599
warmup,center,0,forward,6.9846,1450.000,1169,rolling,1415.732,1142,1415.732,-3.652,1,37,1783747134.837878704,0.863029,0.296314,0.527443,0.060073,0.0201207,0.0007937,0.219503,0.068616,0.007106,1.388,1.599
warmup,center,0,forward,7.0004,1450.000,1169,rolling,1415.732,1142,1415.732,-3.652,0,0,1783747134.837878704,0.863029,0.296314,0.527443,0.060073,,,0.219503,0.068616,0.007106,1.388,1.599
warmup,center,0,forward,7.0222,1450.000,1169,rolling,1415.732,1142,1415.732,-3.652,0,0,1783747134.837878704,0.863029,0.296314,0.527443,0.060073,,,0.219503,0.068616,0.007106,1.388,1.599
warmup,center,0,forward,7.0438,1450.000,1169,rolling,1415.732,1142,1415.732,-3.652,0,0,1783747134.837878704,0.863029,0.296314,0.527443,0.060073,,,0.219503,0.068616,0.007106,1.388,1.599
warmup,center,0,forward,7.0654,1450.000,1169,rolling,1415.732,1142,1415.732,-3.652,0,0,1783747134.837878704,0.863029,0.296314,0.527443,0.060073,,,0.219503,0.068616,0.007106,1.395,1.581
warmup,center,0,forward,7.0847,1450.000,1169,rolling,1413.251,1140,1415.407,-3.976,1,38,1783747134.938277006,0.880999,0.303074,0.528457,0.092189,0.0189287,0.0010140,0.238431,0.068616,0.007106,1.395,1.581
warmup,center,0,forward,7.1045,1450.000,1169,rolling,1413.251,1140,1415.407,-3.976,0,0,1783747134.938277006,0.880999,0.303074,0.528457,0.092189,,,0.238431,0.068616,0.007106,1.395,1.581
warmup,center,0,forward,7.1262,1450.000,1169,rolling,1413.251,1140,1415.407,-3.976,0,0,1783747134.938277006,0.880999,0.303074,0.528457,0.092189,,,0.238431,0.068616,0.007106,1.395,1.581
warmup,center,0,forward,7.1477,1450.000,1169,rolling,1413.251,1140,1415.407,-3.976,0,0,1783747134.938277006,0.880999,0.303074,0.528457,0.092189,,,0.238431,0.068616,0.007106,1.395,1.581
warmup,center,0,forward,7.1693,1450.000,1169,rolling,1413.251,1140,1415.407,-3.976,0,0,1783747134.938277006,0.880999,0.303074,0.528457,0.092189,,,0.238431,0.068616,0.007106,1.389,1.574
warmup,center,0,forward,7.1850,1450.000,1169,rolling,1413.093,1140,1415.104,-4.280,1,39,1783747135.038836002,0.892441,0.307658,0.530558,0.099449,0.0121908,0.0021010,0.250622,0.068616,0.007106,1.389,1.574
warmup,center,0,forward,7.2027,1450.000,1169,rolling,1413.093,1140,1415.104,-4.280,0,0,1783747135.038836002,0.892441,0.307658,0.530558,0.099449,,,0.250622,0.068616,0.007106,1.389,1.574
warmup,center,0,forward,7.2244,1450.000,1169,rolling,1413.093,1140,1415.104,-4.280,0,0,1783747135.038836002,0.892441,0.307658,0.530558,0.099449,,,0.250622,0.068616,0.007106,1.389,1.574
warmup,center,0,forward,7.2460,1450.000,1169,rolling,1413.093,1140,1415.104,-4.280,0,0,1783747135.038836002,0.892441,0.307658,0.530558,0.099449,,,0.250622,0.068616,0.007106,1.389,1.574
warmup,center,0,forward,7.2675,1450.000,1169,rolling,1413.093,1140,1415.104,-4.280,0,0,1783747135.038836002,0.892441,0.307658,0.530558,0.099449,,,0.250622,0.068616,0.007106,1.414,1.571
warmup,center,0,forward,7.2851,1450.000,1169,rolling,1413.093,1140,1415.104,-4.280,0,0,1783747135.038836002,0.892441,0.307658,0.530558,0.099449,,,0.250622,0.068616,0.007106,1.414,1.571
warmup,center,0,forward,7.3071,1450.000,1169,rolling,1412.281,1139,1414.735,-4.649,1,40,1783747135.139204979,0.894203,0.306834,0.530780,0.077332,0.0011023,0.0002218,0.251724,0.068616,0.007106,1.414,1.571
warmup,center,0,forward,7.3145,1450.000,1169,rolling,1412.281,1139,1414.735,-4.649,0,0,1783747135.139204979,0.894203,0.306834,0.530780,0.077332,,,0.251724,0.068616,0.007106,1.414,1.571
warmup,center,0,forward,7.3362,1450.000,1169,rolling,1412.281,1139,1414.735,-4.649,0,0,1783747135.139204979,0.894203,0.306834,0.530780,0.077332,,,0.251724,0.068616,0.007106,1.414,1.571
warmup,center,0,forward,7.3577,1450.000,1169,rolling,1412.281,1139,1414.735,-4.649,0,0,1783747135.139204979,0.894203,0.306834,0.530780,0.077332,,,0.251724,0.068616,0.007106,1.414,1.571
warmup,center,0,forward,7.3792,1450.000,1169,rolling,1412.281,1139,1414.735,-4.649,0,0,1783747135.139204979,0.894203,0.306834,0.530780,0.077332,,,0.251724,0.068616,0.007106,1.405,1.569
warmup,center,0,forward,7.3832,1450.000,1169,rolling,1411.346,1138,1414.292,-5.091,1,41,1783747135.239339590,0.892472,0.305593,0.531085,0.052704,-0.0021210,0.0003049,0.253845,0.068616,0.007106,1.405,1.569
warmup,center,0,forward,7.4011,1450.000,1169,rolling,1411.346,1138,1414.292,-5.091,0,0,1783747135.239339590,0.892472,0.305593,0.531085,0.052704,,,0.253845,0.068616,0.007106,1.405,1.569
warmup,center,0,forward,7.4228,1450.000,1169,rolling,1411.346,1138,1414.292,-5.091,0,0,1783747135.239339590,0.892472,0.305593,0.531085,0.052704,,,0.253845,0.068616,0.007106,1.405,1.569
warmup,center,0,forward,7.4444,1450.000,1169,rolling,1411.346,1138,1414.292,-5.091,0,0,1783747135.239339590,0.892472,0.305593,0.531085,0.052704,,,0.253845,0.068616,0.007106,1.405,1.569
warmup,center,0,forward,7.4659,1450.000,1169,rolling,1411.346,1138,1414.292,-5.091,0,0,1783747135.239339590,0.892472,0.305593,0.531085,0.052704,,,0.253845,0.068616,0.007106,1.416,1.572
warmup,center,0,forward,7.4838,1450.000,1169,rolling,1410.493,1137,1413.805,-5.579,1,42,1783747135.337426186,0.890517,0.304943,0.531511,0.034394,-0.0020144,0.0004264,0.255860,0.068616,0.007106,1.416,1.572
warmup,center,0,forward,7.4972,1450.000,1169,rolling,1410.493,1137,1413.805,-5.579,0,0,1783747135.337426186,0.890517,0.304943,0.531511,0.034394,,,0.255860,0.068616,0.007106,1.416,1.572
warmup,center,0,forward,7.5190,1450.000,1169,rolling,1410.493,1137,1413.805,-5.579,0,0,1783747135.337426186,0.890517,0.304943,0.531511,0.034394,,,0.255860,0.068616,0.007106,1.416,1.572
warmup,center,0,forward,7.5407,1450.000,1169,rolling,1410.493,1137,1413.805,-5.579,0,0,1783747135.337426186,0.890517,0.304943,0.531511,0.034394,,,0.255860,0.068616,0.007106,1.416,1.572
warmup,center,0,forward,7.5624,1450.000,1169,rolling,1410.493,1137,1413.805,-5.579,0,0,1783747135.337426186,0.890517,0.304943,0.531511,0.034394,,,0.255860,0.068616,0.007106,1.392,1.571
warmup,center,0,forward,7.5814,1450.000,1169,rolling,1409.797,1137,1413.280,-6.104,1,43,1783747135.437981129,0.890226,0.305496,0.531981,0.025867,0.0000287,0.0004693,0.255888,0.068616,0.007106,1.392,1.571
warmup,center,0,forward,7.5965,1450.000,1169,rolling,1409.797,1137,1413.280,-6.104,0,0,1783747135.437981129,0.890226,0.305496,0.531981,0.025867,,,0.255888,0.068616,0.007106,1.392,1.571
warmup,center,0,forward,7.6182,1450.000,1169,rolling,1409.797,1137,1413.280,-6.104,0,0,1783747135.437981129,0.890226,0.305496,0.531981,0.025867,,,0.255888,0.068616,0.007106,1.392,1.571
warmup,center,0,forward,7.6398,1450.000,1169,rolling,1409.797,1137,1413.280,-6.104,0,0,1783747135.437981129,0.890226,0.305496,0.531981,0.025867,,,0.255888,0.068616,0.007106,1.392,1.571
warmup,center,0,forward,7.6613,1450.000,1169,rolling,1409.797,1137,1413.280,-6.104,0,0,1783747135.437981129,0.890226,0.305496,0.531981,0.025867,,,0.255888,0.068616,0.007106,1.383,1.570
warmup,center,0,forward,7.6816,1450.000,1169,rolling,1409.797,1137,1413.280,-6.104,0,0,1783747135.437981129,0.890226,0.305496,0.531981,0.025867,,,0.255888,0.068616,0.007106,1.383,1.570
warmup,center,0,forward,7.7033,1450.000,1169,rolling,1408.418,1136,1412.659,-6.725,1,44,1783747135.535562754,0.877308,0.303241,0.534452,-0.012035,-0.0122700,0.0024714,0.268158,0.068616,0.007106,1.383,1.570
warmup,center,0,forward,7.7091,1450.000,1169,rolling,1408.418,1136,1412.659,-6.725,0,0,1783747135.535562754,0.877308,0.303241,0.534452,-0.012035,,,0.268158,0.068616,0.007106,1.383,1.570
warmup,center,0,forward,7.7308,1450.000,1169,rolling,1408.418,1136,1412.659,-6.725,0,0,1783747135.535562754,0.877308,0.303241,0.534452,-0.012035,,,0.268158,0.068616,0.007106,1.383,1.570
warmup,center,0,forward,7.7523,1450.000,1169,rolling,1408.418,1136,1412.659,-6.725,0,0,1783747135.535562754,0.877308,0.303241,0.534452,-0.012035,,,0.268158,0.068616,0.007106,1.383,1.570
warmup,center,0,forward,7.7738,1450.000,1169,rolling,1408.418,1136,1412.659,-6.725,0,0,1783747135.535562754,0.877308,0.303241,0.534452,-0.012035,,,0.268158,0.068616,0.007106,1.399,1.571
warmup,center,0,forward,7.7799,1450.000,1169,recovery,1408.125,1136,1412.067,-7.317,1,45,1783747135.635742426,0.881052,0.306315,0.534514,0.002920,0.0047873,0.0000624,0.272946,0.068616,0.007106,1.399,1.571
warmup,center,0,forward,7.7982,1450.000,1169,recovery,1408.125,1136,1412.067,-7.317,0,0,1783747135.635742426,0.881052,0.306315,0.534514,0.002920,,,0.272946,0.068616,0.007106,1.399,1.571
warmup,center,0,forward,7.8199,1450.000,1169,recovery,1408.125,1136,1412.067,-7.317,0,0,1783747135.635742426,0.881052,0.306315,0.534514,0.002920,,,0.272946,0.068616,0.007106,1.399,1.571
warmup,center,0,forward,7.8417,1450.000,1169,recovery,1408.125,1136,1412.067,-7.317,0,0,1783747135.635742426,0.881052,0.306315,0.534514,0.002920,,,0.272946,0.068616,0.007106,1.399,1.571
warmup,center,0,forward,7.8635,1450.000,1169,recovery,1408.125,1136,1412.067,-7.317,0,0,1783747135.635742426,0.881052,0.306315,0.534514,0.002920,,,0.272946,0.068616,0.007106,1.401,1.571
warmup,center,0,forward,7.8798,1450.000,1169,recovery,1405.025,1133,1412.067,-7.317,1,46,1783747135.733979225,0.883395,0.306127,0.534658,0.007076,0.0019199,0.0001438,0.274866,0.068616,0.007106,1.401,1.571
warmup,center,0,forward,7.8977,1450.000,1169,recovery,1405.025,1133,1412.067,-7.317,0,0,1783747135.733979225,0.883395,0.306127,0.534658,0.007076,,,0.274866,0.068616,0.007106,1.401,1.571
warmup,center,0,forward,7.9195,1450.000,1169,recovery,1405.025,1133,1412.067,-7.317,0,0,1783747135.733979225,0.883395,0.306127,0.534658,0.007076,,,0.274866,0.068616,0.007106,1.401,1.571
warmup,center,0,forward,7.9411,1450.000,1169,recovery,1405.025,1133,1412.067,-7.317,0,0,1783747135.733979225,0.883395,0.306127,0.534658,0.007076,,,0.274866,0.068616,0.007106,1.401,1.571
warmup,center,0,forward,7.9627,1450.000,1169,recovery,1405.025,1133,1412.067,-7.317,0,0,1783747135.733979225,0.883395,0.306127,0.534658,0.007076,,,0.274866,0.068616,0.007106,1.402,1.569
warmup,center,0,forward,7.9803,1450.000,1169,recovery,1401.925,1131,1412.067,-7.317,1,47,1783747135.834143162,0.881632,0.308862,0.534900,0.005001,-0.0001225,0.0002421,0.274988,0.068616,0.007106,1.402,1.569
warmup,center,0,forward,7.9912,1450.000,1169,recovery,1401.925,1131,1412.067,-7.317,0,0,1783747135.834143162,0.881632,0.308862,0.534900,0.005001,,,0.274988,0.068616,0.007106,1.402,1.569
warmup,center,0,forward,8.0128,1450.000,1169,recovery,1401.925,1131,1412.067,-7.317,0,0,1783747135.834143162,0.881632,0.308862,0.534900,0.005001,,,0.274988,0.068616,0.007106,1.402,1.569
warmup,center,0,forward,8.0343,1450.000,1169,recovery,1401.925,1131,1412.067,-7.317,0,0,1783747135.834143162,0.881632,0.308862,0.534900,0.005001,,,0.274988,0.068616,0.007106,1.402,1.569
warmup,center,0,forward,8.0559,1450.000,1169,recovery,1401.925,1131,1412.067,-7.317,0,0,1783747135.834143162,0.881632,0.308862,0.534900,0.005001,,,0.274988,0.068616,0.007106,1.402,1.569
warmup,center,0,forward,8.0774,1450.000,1169,recovery,1401.925,1131,1412.067,-7.317,0,0,1783747135.834143162,0.881632,0.308862,0.534900,0.005001,,,0.274988,0.068616,0.007106,1.400,1.571
warmup,center,0,forward,8.0808,1450.000,1169,recovery,1398.825,1128,1412.067,-7.317,1,48,1783747135.934307098,0.885154,0.311057,0.534750,0.014105,0.0041485,-0.0001504,0.279137,0.068616,0.007106,1.400,1.571
warmup,center,0,forward,8.0938,1450.000,1169,recovery,1398.825,1128,1412.067,-7.317,0,0,1783747135.934307098,0.885154,0.311057,0.534750,0.014105,,,0.279137,0.068616,0.007106,1.400,1.571
warmup,center,0,forward,8.1155,1450.000,1169,recovery,1398.825,1128,1412.067,-7.317,0,0,1783747135.934307098,0.885154,0.311057,0.534750,0.014105,,,0.279137,0.068616,0.007106,1.400,1.571
warmup,center,0,forward,8.1371,1450.000,1169,recovery,1398.825,1128,1412.067,-7.317,0,0,1783747135.934307098,0.885154,0.311057,0.534750,0.014105,,,0.279137,0.068616,0.007106,1.400,1.571
warmup,center,0,forward,8.1586,1450.000,1169,recovery,1398.825,1128,1412.067,-7.317,0,0,1783747135.934307098,0.885154,0.311057,0.534750,0.014105,,,0.279137,0.068616,0.007106,1.400,1.571
warmup,center,0,forward,8.1803,1450.000,1169,recovery,1398.825,1128,1412.067,-7.317,0,0,1783747135.934307098,0.885154,0.311057,0.534750,0.014105,,,0.279137,0.068616,0.007106,1.414,1.571
warmup,center,0,forward,8.1828,1450.000,1169,recovery,1398.825,1128,1412.067,-7.317,0,0,1783747135.934307098,0.885154,0.311057,0.534750,0.014105,,,0.279137,0.068616,0.007106,1.414,1.571
warmup,center,0,forward,8.2047,1450.000,1169,recovery,1395.725,1126,1412.067,-7.317,1,49,1783747136.035011530,0.886931,0.300246,0.531000,0.000746,-0.0039611,-0.0037495,0.283098,0.068616,0.007106,1.414,1.571
warmup,center,0,forward,8.2089,1450.000,1169,recovery,1395.725,1126,1412.067,-7.317,0,0,1783747136.035011530,0.886931,0.300246,0.531000,0.000746,,,0.283098,0.068616,0.007106,1.414,1.571
warmup,center,0,forward,8.2305,1450.000,1169,recovery,1395.725,1126,1412.067,-7.317,0,0,1783747136.035011530,0.886931,0.300246,0.531000,0.000746,,,0.283098,0.068616,0.007106,1.414,1.571
warmup,center,0,forward,8.2522,1450.000,1169,recovery,1395.725,1126,1412.067,-7.317,0,0,1783747136.035011530,0.886931,0.300246,0.531000,0.000746,,,0.283098,0.068616,0.007106,1.414,1.571
warmup,center,0,forward,8.2738,1450.000,1169,recovery,1395.725,1126,1412.067,-7.317,0,0,1783747136.035011530,0.886931,0.300246,0.531000,0.000746,,,0.283098,0.068616,0.007106,1.396,1.571
warmup,center,0,forward,8.2792,1450.000,1169,recovery,1395.725,1126,1412.067,-7.317,0,0,1783747136.035011530,0.886931,0.300246,0.531000,0.000746,,,0.283098,0.068616,0.007106,1.396,1.571
warmup,center,0,forward,8.3010,1450.000,1169,recovery,1392.625,1123,1412.067,-7.317,1,50,1783747136.135387182,0.892328,0.305063,0.535957,0.018234,0.0070965,0.0049568,0.290194,0.068616,0.007106,1.396,1.571
warmup,center,0,forward,8.3175,1450.000,1169,recovery,1392.625,1123,1412.067,-7.317,0,0,1783747136.135387182,0.892328,0.305063,0.535957,0.018234,,,0.290194,0.068616,0.007106,1.396,1.571
warmup,center,0,forward,8.3392,1450.000,1169,recovery,1392.625,1123,1412.067,-7.317,0,0,1783747136.135387182,0.892328,0.305063,0.535957,0.018234,,,0.290194,0.068616,0.007106,1.396,1.571
warmup,center,0,forward,8.3608,1450.000,1169,recovery,1392.625,1123,1412.067,-7.317,0,0,1783747136.135387182,0.892328,0.305063,0.535957,0.018234,,,0.290194,0.068616,0.007106,1.407,1.571
warmup,center,0,forward,8.3795,1450.000,1169,recovery,1389.525,1121,1412.067,-7.317,1,51,1783747136.233337879,0.899283,0.308573,0.540521,0.033509,0.0077710,0.0045639,0.297965,0.068616,0.007106,1.407,1.571
warmup,center,0,forward,8.3950,1450.000,1169,recovery,1389.525,1121,1412.067,-7.317,0,0,1783747136.233337879,0.899283,0.308573,0.540521,0.033509,,,0.297965,0.068616,0.007106,1.407,1.571
warmup,center,0,forward,8.4167,1450.000,1169,recovery,1389.525,1121,1412.067,-7.317,0,0,1783747136.233337879,0.899283,0.308573,0.540521,0.033509,,,0.297965,0.068616,0.007106,1.407,1.571
warmup,center,0,forward,8.4383,1450.000,1169,recovery,1389.525,1121,1412.067,-7.317,0,0,1783747136.233337879,0.899283,0.308573,0.540521,0.033509,,,0.297965,0.068616,0.007106,1.407,1.571
warmup,center,0,forward,8.4598,1450.000,1169,recovery,1389.525,1121,1412.067,-7.317,0,0,1783747136.233337879,0.899283,0.308573,0.540521,0.033509,,,0.297965,0.068616,0.007106,1.382,1.571
warmup,center,0,forward,8.4800,1450.000,1169,recovery,1389.525,1121,1412.067,-7.317,0,0,1783747136.233337879,0.899283,0.308573,0.540521,0.033509,,,0.297965,0.068616,0.007106,1.382,1.571
warmup,center,0,forward,8.5020,1450.000,1169,recovery,1386.425,1118,1412.067,-7.317,1,52,1783747136.333592176,0.899575,0.308974,0.544686,0.026273,0.0004576,0.0041654,0.298423,0.068616,0.007106,1.382,1.571
warmup,center,0,forward,8.5059,1450.000,1169,recovery,1386.425,1118,1412.067,-7.317,0,0,1783747136.333592176,0.899575,0.308974,0.544686,0.026273,,,0.298423,0.068616,0.007106,1.382,1.571
warmup,center,0,forward,8.5275,1450.000,1169,recovery,1386.425,1118,1412.067,-7.317,0,0,1783747136.333592176,0.899575,0.308974,0.544686,0.026273,,,0.298423,0.068616,0.007106,1.382,1.571
warmup,center,0,forward,8.5491,1450.000,1169,recovery,1386.425,1118,1412.067,-7.317,0,0,1783747136.333592176,0.899575,0.308974,0.544686,0.026273,,,0.298423,0.068616,0.007106,1.382,1.571
warmup,center,0,forward,8.5707,1450.000,1169,recovery,1386.425,1118,1412.067,-7.317,0,0,1783747136.333592176,0.899575,0.308974,0.544686,0.026273,,,0.298423,0.068616,0.007106,1.383,1.571
warmup,center,0,forward,8.5803,1450.000,1169,recovery,1383.325,1116,1412.067,-7.317,1,53,1783747136.434134007,0.900088,0.304365,0.546300,0.014848,-0.0019534,0.0016141,0.300376,0.068616,0.007106,1.383,1.571
warmup,center,0,forward,8.5928,1450.000,1169,recovery,1383.325,1116,1412.067,-7.317,0,0,1783747136.434134007,0.900088,0.304365,0.546300,0.014848,,,0.300376,0.068616,0.007106,1.383,1.571
warmup,center,0,forward,8.6144,1450.000,1169,recovery,1383.325,1116,1412.067,-7.317,0,0,1783747136.434134007,0.900088,0.304365,0.546300,0.014848,,,0.300376,0.068616,0.007106,1.383,1.571
warmup,center,0,forward,8.6360,1450.000,1169,recovery,1383.325,1116,1412.067,-7.317,0,0,1783747136.434134007,0.900088,0.304365,0.546300,0.014848,,,0.300376,0.068616,0.007106,1.383,1.571
warmup,center,0,forward,8.6575,1450.000,1169,recovery,1383.325,1116,1412.067,-7.317,0,0,1783747136.434134007,0.900088,0.304365,0.546300,0.014848,,,0.300376,0.068616,0.007106,1.383,1.571
warmup,center,0,forward,8.6790,1450.000,1169,recovery,1383.325,1116,1412.067,-7.317,0,0,1783747136.434134007,0.900088,0.304365,0.546300,0.014848,,,0.300376,0.068616,0.007106,1.407,1.571
warmup,center,0,forward,8.6814,1450.000,1169,recovery,1380.225,1113,1412.067,-7.317,1,54,1783747136.534513712,0.901357,0.300334,0.545365,0.008625,-0.0010079,-0.0009357,0.301384,0.068616,0.007106,1.407,1.571
warmup,center,0,forward,8.6975,1450.000,1169,recovery,1380.225,1113,1412.067,-7.317,0,0,1783747136.534513712,0.901357,0.300334,0.545365,0.008625,,,0.301384,0.068616,0.007106,1.407,1.571
warmup,center,0,forward,8.7191,1450.000,1169,recovery,1380.225,1113,1412.067,-7.317,0,0,1783747136.534513712,0.901357,0.300334,0.545365,0.008625,,,0.301384,0.068616,0.007106,1.407,1.571
warmup,center,0,forward,8.7407,1450.000,1169,recovery,1380.225,1113,1412.067,-7.317,0,0,1783747136.534513712,0.901357,0.300334,0.545365,0.008625,,,0.301384,0.068616,0.007106,1.407,1.571
warmup,center,0,forward,8.7623,1450.000,1169,recovery,1380.225,1113,1412.067,-7.317,0,0,1783747136.534513712,0.901357,0.300334,0.545365,0.008625,,,0.301384,0.068616,0.007106,1.398,1.571
warmup,center,0,forward,8.7812,1450.000,1169,recovery,1380.225,1113,1412.067,-7.317,0,0,1783747136.534513712,0.901357,0.300334,0.545365,0.008625,,,0.301384,0.068616,0.007106,1.398,1.571
warmup,center,0,forward,8.8030,1450.000,1169,recovery,1380.000,1113,1412.067,-7.317,1,55,1783747136.634738922,0.892662,0.296333,0.538839,-0.017260,-0.0095131,-0.0065260,0.310897,0.068616,0.007106,1.398,1.571
warmup,center,0,forward,8.8112,1450.000,1169,recovery,1380.000,1113,1412.067,-7.317,0,0,1783747136.634738922,0.892662,0.296333,0.538839,-0.017260,,,0.310897,0.068616,0.007106,1.398,1.571
warmup,center,0,forward,8.8328,1450.000,1169,recovery,1380.000,1113,1412.067,-7.317,0,0,1783747136.634738922,0.892662,0.296333,0.538839,-0.017260,,,0.310897,0.068616,0.007106,1.398,1.571
warmup,center,0,forward,8.8545,1450.000,1169,recovery,1380.000,1113,1412.067,-7.317,0,0,1783747136.634738922,0.892662,0.296333,0.538839,-0.017260,,,0.310897,0.068616,0.007106,1.398,1.571
warmup,center,0,forward,8.8761,1450.000,1169,recovery,1380.000,1113,1412.067,-7.317,0,0,1783747136.634738922,0.892662,0.296333,0.538839,-0.017260,,,0.310897,0.068616,0.007106,1.401,1.570
warmup,center,0,forward,8.8817,1450.000,1169,recovery,1380.000,1113,1412.067,-7.317,0,0,1783747136.634738922,0.892662,0.296333,0.538839,-0.017260,,,0.310897,0.068616,0.007106,1.401,1.570
warmup,center,0,forward,8.9037,1450.000,1169,recovery,1380.000,1113,1412.067,-7.317,1,56,1783747136.735357285,0.893327,0.307027,0.531012,0.002022,0.0060241,-0.0078263,0.316921,0.068616,0.007106,1.401,1.570
warmup,center,0,forward,8.9055,1450.000,1169,recovery,1380.000,1113,1412.067,-7.317,0,0,1783747136.735357285,0.893327,0.307027,0.531012,0.002022,,,0.316921,0.068616,0.007106,1.401,1.570
warmup,center,0,forward,8.9271,1450.000,1169,recovery,1380.000,1113,1412.067,-7.317,0,0,1783747136.735357285,0.893327,0.307027,0.531012,0.002022,,,0.316921,0.068616,0.007106,1.401,1.570
warmup,center,0,forward,8.9486,1450.000,1169,recovery,1380.000,1113,1412.067,-7.317,0,0,1783747136.735357285,0.893327,0.307027,0.531012,0.002022,,,0.316921,0.068616,0.007106,1.401,1.570
warmup,center,0,forward,8.9701,1450.000,1169,recovery,1380.000,1113,1412.067,-7.317,0,0,1783747136.735357285,0.893327,0.307027,0.531012,0.002022,,,0.316921,0.068616,0.007106,1.412,1.569
warmup,center,0,forward,8.9816,1450.000,1169,recovery,1380.000,1113,1412.067,-7.317,0,0,1783747136.735357285,0.893327,0.307027,0.531012,0.002022,,,0.316921,0.068616,0.007106,1.412,1.569
warmup,center,0,forward,9.0034,1450.000,1169,recovery,1380.000,1113,1412.067,-7.317,1,57,1783747136.835719585,0.880664,0.313782,0.528036,-0.017206,-0.0075161,-0.0029760,0.324438,0.068616,0.007106,1.412,1.569
warmup,center,0,forward,9.0059,1450.000,1169,recovery,1380.000,1113,1412.067,-7.317,0,0,1783747136.835719585,0.880664,0.313782,0.528036,-0.017206,,,0.324438,0.068616,0.007106,1.412,1.569
warmup,center,0,forward,9.0276,1450.000,1169,recovery,1380.000,1113,1412.067,-7.317,0,0,1783747136.835719585,0.880664,0.313782,0.528036,-0.017206,,,0.324438,0.068616,0.007106,1.412,1.569
warmup,center,0,forward,9.0491,1450.000,1169,recovery,1380.000,1113,1412.067,-7.317,0,0,1783747136.835719585,0.880664,0.313782,0.528036,-0.017206,,,0.324438,0.068616,0.007106,1.412,1.569
warmup,center,0,forward,9.0707,1450.000,1169,recovery,1380.000,1113,1412.067,-7.317,0,0,1783747136.835719585,0.880664,0.313782,0.528036,-0.017206,,,0.324438,0.068616,0.007106,1.401,1.569
warmup,center,0,forward,9.0824,1450.000,1169,recovery,1380.000,1113,1412.067,-7.317,1,58,1783747136.935842991,0.880042,0.312672,0.526684,-0.015642,-0.0010965,-0.0013518,0.325534,0.068616,0.007106,1.401,1.569
warmup,center,0,forward,9.1029,1450.000,1169,recovery,1380.000,1113,1412.067,-7.317,0,0,1783747136.935842991,0.880042,0.312672,0.526684,-0.015642,,,0.325534,0.068616,0.007106,1.401,1.569
warmup,center,0,forward,9.1245,1450.000,1169,recovery,1380.000,1113,1412.067,-7.317,0,0,1783747136.935842991,0.880042,0.312672,0.526684,-0.015642,,,0.325534,0.068616,0.007106,1.401,1.569
warmup,center,0,forward,9.1461,1450.000,1169,recovery,1380.000,1113,1412.067,-7.317,0,0,1783747136.935842991,0.880042,0.312672,0.526684,-0.015642,,,0.325534,0.068616,0.007106,1.401,1.569
warmup,center,0,forward,9.1677,1450.000,1169,recovery,1380.000,1113,1412.067,-7.317,0,0,1783747136.935842991,0.880042,0.312672,0.526684,-0.015642,,,0.325534,0.068616,0.007106,1.389,1.570
warmup,center,0,forward,9.1825,1450.000,1169,recovery,1380.000,1113,1412.067,-7.317,1,59,1783747137.036537170,0.879276,0.311662,0.525304,-0.014634,-0.0011691,-0.0013809,0.326703,0.068616,0.007106,1.389,1.570
warmup,center,0,forward,9.1892,1450.000,1169,recovery,1380.000,1113,1412.067,-7.317,0,0,1783747137.036537170,0.879276,0.311662,0.525304,-0.014634,,,0.326703,0.068616,0.007106,1.389,1.570
warmup,center,0,forward,9.2109,1450.000,1169,recovery,1380.000,1113,1412.067,-7.317,0,0,1783747137.036537170,0.879276,0.311662,0.525304,-0.014634,,,0.326703,0.068616,0.007106,1.389,1.570
warmup,center,0,forward,9.2324,1450.000,1169,recovery,1380.000,1113,1412.067,-7.317,0,0,1783747137.036537170,0.879276,0.311662,0.525304,-0.014634,,,0.326703,0.068616,0.007106,1.389,1.570
warmup,center,0,forward,9.2540,1450.000,1169,recovery,1380.000,1113,1412.067,-7.317,0,0,1783747137.036537170,0.879276,0.311662,0.525304,-0.014634,,,0.326703,0.068616,0.007106,1.389,1.570
warmup,center,0,forward,9.2755,1450.000,1169,recovery,1380.000,1113,1412.067,-7.317,0,0,1783747137.036537170,0.879276,0.311662,0.525304,-0.014634,,,0.326703,0.068616,0.007106,1.396,1.570
warmup,center,0,forward,9.2806,1450.000,1169,recovery,1380.000,1113,1412.067,-7.317,1,60,1783747137.136611223,0.879198,0.311911,0.525030,-0.010834,0.0000569,-0.0002733,0.326760,0.068616,0.007106,1.396,1.570
warmup,center,0,forward,9.2967,1450.000,1169,recovery,1380.000,1113,1412.067,-7.317,0,0,1783747137.136611223,0.879198,0.311911,0.525030,-0.010834,,,0.326760,0.068616,0.007106,1.396,1.570
warmup,center,0,forward,9.3183,1450.000,1169,recovery,1380.000,1113,1412.067,-7.317,0,0,1783747137.136611223,0.879198,0.311911,0.525030,-0.010834,,,0.326760,0.068616,0.007106,1.396,1.570
warmup,center,0,forward,9.3399,1450.000,1169,recovery,1380.000,1113,1412.067,-7.317,0,0,1783747137.136611223,0.879198,0.311911,0.525030,-0.010834,,,0.326760,0.068616,0.007106,1.396,1.570
warmup,center,0,forward,9.3615,1450.000,1169,recovery,1380.000,1113,1412.067,-7.317,0,0,1783747137.136611223,0.879198,0.311911,0.525030,-0.010834,,,0.326760,0.068616,0.007106,1.413,1.569
warmup,center,0,forward,9.3811,1450.000,1169,recovery,1380.000,1113,1412.067,-7.317,1,61,1783747137.234831095,0.882214,0.312472,0.526867,-0.000769,0.0028899,0.0018363,0.329650,0.068616,0.007106,1.413,1.569
warmup,center,0,forward,9.3931,1450.000,1169,recovery,1380.000,1113,1412.067,-7.317,0,0,1783747137.234831095,0.882214,0.312472,0.526867,-0.000769,,,0.329650,0.068616,0.007106,1.413,1.569
warmup,center,0,forward,9.4147,1450.000,1169,recovery,1380.000,1113,1412.067,-7.317,0,0,1783747137.234831095,0.882214,0.312472,0.526867,-0.000769,,,0.329650,0.068616,0.007106,1.413,1.569
warmup,center,0,forward,9.4363,1450.000,1169,recovery,1380.000,1113,1412.067,-7.317,0,0,1783747137.234831095,0.882214,0.312472,0.526867,-0.000769,,,0.329650,0.068616,0.007106,1.413,1.569
warmup,center,0,forward,9.4578,1450.000,1169,recovery,1380.000,1113,1412.067,-7.317,0,0,1783747137.234831095,0.882214,0.312472,0.526867,-0.000769,,,0.329650,0.068616,0.007106,1.413,1.569
warmup,center,0,forward,9.4794,1450.000,1169,recovery,1380.000,1113,1412.067,-7.317,0,0,1783747137.234831095,0.882214,0.312472,0.526867,-0.000769,,,0.329650,0.068616,0.007106,1.409,1.571
warmup,center,0,forward,9.4819,1450.000,1169,recovery,1380.000,1113,1412.067,-7.317,1,62,1783747137.335093498,0.884869,0.312962,0.529088,0.005757,0.0025402,0.0022212,0.332190,0.068616,0.007106,1.409,1.571
warmup,center,0,forward,9.4909,1450.000,1169,recovery,1380.000,1113,1412.067,-7.317,0,0,1783747137.335093498,0.884869,0.312962,0.529088,0.005757,,,0.332190,0.068616,0.007106,1.409,1.571
warmup,center,0,forward,9.5125,1450.000,1169,recovery,1380.000,1113,1412.067,-7.317,0,0,1783747137.335093498,0.884869,0.312962,0.529088,0.005757,,,0.332190,0.068616,0.007106,1.409,1.571
warmup,center,0,forward,9.5342,1450.000,1169,recovery,1380.000,1113,1412.067,-7.317,0,0,1783747137.335093498,0.884869,0.312962,0.529088,0.005757,,,0.332190,0.068616,0.007106,1.409,1.571
warmup,center,0,forward,9.5557,1450.000,1169,recovery,1380.000,1113,1412.067,-7.317,0,0,1783747137.335093498,0.884869,0.312962,0.529088,0.005757,,,0.332190,0.068616,0.007106,1.409,1.571
warmup,center,0,forward,9.5772,1450.000,1169,recovery,1380.000,1113,1412.067,-7.317,0,0,1783747137.335093498,0.884869,0.312962,0.529088,0.005757,,,0.332190,0.068616,0.007106,1.383,1.569
